<?xml version='1.0' encoding='windows-1252' ?>
<!DOCTYPE Entity SYSTEM "jbo_03_01.dtd">

<Entity
   Name="applEO"
   DBObjectType="synonym"
   DBObjectName="XXHLP_APPLICANTS"
   AliasName="applEO"
   BindingStyle="OracleName"
   UseGlueCode="false"
   RowClass="xxhlp.oracle.apps.xxhlp.recruit.schema.server.applEOImpl"
   DefClass="oracle.apps.fnd.framework.server.OAEntityDefImpl"
   CollClass="oracle.apps.fnd.framework.server.OAEntityCache" >
   <Properties>
      <Property Name ="aVAMDef" Value ="xxhlp.oracle.apps.xxhlp.recruit.schema.server.applVAM" />
   </Properties>
   <DesignTime>
      <Attr Name="_isCodegen" Value="true" />
      <Attr Name="_version" Value="10.1.3.41.57" />
      <AttrArray Name="_publishEvents">
      </AttrArray>
      <Attr Name="_panelSchema" Value="alias" />
      <Attr Name="_codeGenFlag2" Value="Init|Delete|Access|DML|Val" />
   </DesignTime>
   <Attribute
      Name="AppId"
      IsNotNull="true"
      ColumnName="APP_ID"
      Type="oracle.jbo.domain.Number"
      ColumnType="NUMBER"
      SQLType="NUMERIC"
      TableName="XXHLP_APPLICANTS"
      PrimaryKey="true" >
      <DesignTime>
         <Attr Name="_DisplaySize" Value="22" />
      </DesignTime>
   </Attribute>
   <Attribute
      Name="AppRefNumber"
      IsUnique="true"
      IsNotNull="true"
      Precision="60"
      ColumnName="APP_REF_NUMBER"
      Type="java.lang.String"
      ColumnType="VARCHAR2"
      SQLType="VARCHAR"
      TableName="XXHLP_APPLICANTS" >
      <DesignTime>
         <Attr Name="_DisplaySize" Value="60" />
      </DesignTime>
   </Attribute>
   <Attribute
      Name="CvReceivedOn"
      ColumnName="CV_RECEIVED_ON"
      Type="oracle.jbo.domain.Date"
      ColumnType="DATE"
      SQLType="DATE"
      TableName="XXHLP_APPLICANTS" >
      <DesignTime>
         <Attr Name="_DisplaySize" Value="7" />
      </DesignTime>
   </Attribute>
   <Attribute
      Name="ReferredBy"
      Precision="240"
      ColumnName="REFERRED_BY"
      Type="java.lang.String"
      ColumnType="VARCHAR2"
      SQLType="VARCHAR"
      TableName="XXHLP_APPLICANTS" >
      <DesignTime>
         <Attr Name="_DisplaySize" Value="240" />
      </DesignTime>
   </Attribute>
   <Attribute
      Name="Region"
      IsNotNull="true"
      Precision="30"
      ColumnName="REGION"
      Type="java.lang.String"
      ColumnType="VARCHAR2"
      SQLType="VARCHAR"
      TableName="XXHLP_APPLICANTS" >
      <DesignTime>
         <Attr Name="_DisplaySize" Value="30" />
      </DesignTime>
   </Attribute>
   <Attribute
      Name="LastName"
      IsNotNull="true"
      Precision="60"
      ColumnName="LAST_NAME"
      Type="java.lang.String"
      ColumnType="VARCHAR2"
      SQLType="VARCHAR"
      TableName="XXHLP_APPLICANTS" >
      <DesignTime>
         <Attr Name="_DisplaySize" Value="60" />
      </DesignTime>
   </Attribute>
   <Attribute
      Name="FirstName"
      Precision="60"
      ColumnName="FIRST_NAME"
      Type="java.lang.String"
      ColumnType="VARCHAR2"
      SQLType="VARCHAR"
      TableName="XXHLP_APPLICANTS" >
      <DesignTime>
         <Attr Name="_DisplaySize" Value="60" />
      </DesignTime>
   </Attribute>
   <Attribute
      Name="Gender"
      IsNotNull="true"
      Precision="30"
      ColumnName="GENDER"
      Type="java.lang.String"
      ColumnType="VARCHAR2"
      SQLType="VARCHAR"
      TableName="XXHLP_APPLICANTS" >
      <DesignTime>
         <Attr Name="_DisplaySize" Value="30" />
      </DesignTime>
   </Attribute>
   <Attribute
      Name="DateOfBirth"
      ColumnName="DATE_OF_BIRTH"
      Type="oracle.jbo.domain.Date"
      ColumnType="DATE"
      SQLType="DATE"
      TableName="XXHLP_APPLICANTS" >
      <DesignTime>
         <Attr Name="_DisplaySize" Value="7" />
      </DesignTime>
   </Attribute>
   <Attribute
      Name="Address1"
      Precision="240"
      ColumnName="ADDRESS1"
      Type="java.lang.String"
      ColumnType="VARCHAR2"
      SQLType="VARCHAR"
      TableName="XXHLP_APPLICANTS" >
      <DesignTime>
         <Attr Name="_DisplaySize" Value="240" />
      </DesignTime>
   </Attribute>
   <Attribute
      Name="Address2"
      Precision="240"
      ColumnName="ADDRESS2"
      Type="java.lang.String"
      ColumnType="VARCHAR2"
      SQLType="VARCHAR"
      TableName="XXHLP_APPLICANTS" >
      <DesignTime>
         <Attr Name="_DisplaySize" Value="240" />
      </DesignTime>
   </Attribute>
   <Attribute
      Name="Address3"
      Precision="240"
      ColumnName="ADDRESS3"
      Type="java.lang.String"
      ColumnType="VARCHAR2"
      SQLType="VARCHAR"
      TableName="XXHLP_APPLICANTS" >
      <DesignTime>
         <Attr Name="_DisplaySize" Value="240" />
      </DesignTime>
   </Attribute>
   <Attribute
      Name="Address4"
      Precision="240"
      ColumnName="ADDRESS4"
      Type="java.lang.String"
      ColumnType="VARCHAR2"
      SQLType="VARCHAR"
      TableName="XXHLP_APPLICANTS" >
      <DesignTime>
         <Attr Name="_DisplaySize" Value="240" />
      </DesignTime>
   </Attribute>
   <Attribute
      Name="City"
      Precision="240"
      ColumnName="CITY"
      Type="java.lang.String"
      ColumnType="VARCHAR2"
      SQLType="VARCHAR"
      TableName="XXHLP_APPLICANTS" >
      <DesignTime>
         <Attr Name="_DisplaySize" Value="240" />
      </DesignTime>
   </Attribute>
   <Attribute
      Name="Country"
      Precision="240"
      ColumnName="COUNTRY"
      Type="java.lang.String"
      ColumnType="VARCHAR2"
      SQLType="VARCHAR"
      TableName="XXHLP_APPLICANTS" >
      <DesignTime>
         <Attr Name="_DisplaySize" Value="240" />
      </DesignTime>
   </Attribute>
   <Attribute
      Name="EmailId"
      Precision="240"
      ColumnName="EMAIL_ID"
      Type="java.lang.String"
      ColumnType="VARCHAR2"
      SQLType="VARCHAR"
      TableName="XXHLP_APPLICANTS" >
      <DesignTime>
         <Attr Name="_DisplaySize" Value="240" />
      </DesignTime>
   </Attribute>
   <Attribute
      Name="ContactNumber"
      IsNotNull="true"
      Precision="240"
      ColumnName="CONTACT_NUMBER"
      Type="java.lang.String"
      ColumnType="VARCHAR2"
      SQLType="VARCHAR"
      TableName="XXHLP_APPLICANTS" >
      <DesignTime>
         <Attr Name="_DisplaySize" Value="240" />
      </DesignTime>
   </Attribute>
   <Attribute
      Name="IdNumber"
      IsNotNull="true"
      Precision="240"
      ColumnName="ID_NUMBER"
      Type="java.lang.String"
      ColumnType="VARCHAR2"
      SQLType="VARCHAR"
      TableName="XXHLP_APPLICANTS" >
      <DesignTime>
         <Attr Name="_DisplaySize" Value="240" />
      </DesignTime>
   </Attribute>
   <Attribute
      Name="AppStatus"
      IsNotNull="true"
      Precision="30"
      ColumnName="APP_STATUS"
      Type="java.lang.String"
      ColumnType="VARCHAR2"
      SQLType="VARCHAR"
      TableName="XXHLP_APPLICANTS" >
      <DesignTime>
         <Attr Name="_DisplaySize" Value="30" />
      </DesignTime>
   </Attribute>
   <Attribute
      Name="CommSent"
      Precision="30"
      ColumnName="COMM_SENT"
      Type="java.lang.String"
      ColumnType="VARCHAR2"
      SQLType="VARCHAR"
      TableName="XXHLP_APPLICANTS" >
      <DesignTime>
         <Attr Name="_DisplaySize" Value="30" />
      </DesignTime>
   </Attribute>
   <Attribute
      Name="CommMode"
      Precision="30"
      ColumnName="COMM_MODE"
      Type="java.lang.String"
      ColumnType="VARCHAR2"
      SQLType="VARCHAR"
      TableName="XXHLP_APPLICANTS" >
      <DesignTime>
         <Attr Name="_DisplaySize" Value="30" />
      </DesignTime>
   </Attribute>
   <Attribute
      Name="Remarks"
      Precision="4000"
      ColumnName="REMARKS"
      Type="java.lang.String"
      ColumnType="VARCHAR2"
      SQLType="VARCHAR"
      TableName="XXHLP_APPLICANTS" >
      <DesignTime>
         <Attr Name="_DisplaySize" Value="4000" />
      </DesignTime>
   </Attribute>
   <Attribute
      Name="AttributeCategory"
      Precision="240"
      ColumnName="ATTRIBUTE_CATEGORY"
      Type="java.lang.String"
      ColumnType="VARCHAR2"
      SQLType="VARCHAR"
      TableName="XXHLP_APPLICANTS" >
      <DesignTime>
         <Attr Name="_DisplaySize" Value="240" />
      </DesignTime>
   </Attribute>
   <Attribute
      Name="Attribute1"
      Precision="240"
      ColumnName="ATTRIBUTE1"
      Type="java.lang.String"
      ColumnType="VARCHAR2"
      SQLType="VARCHAR"
      TableName="XXHLP_APPLICANTS" >
      <DesignTime>
         <Attr Name="_DisplaySize" Value="240" />
      </DesignTime>
   </Attribute>
   <Attribute
      Name="Attribute2"
      Precision="240"
      ColumnName="ATTRIBUTE2"
      Type="java.lang.String"
      ColumnType="VARCHAR2"
      SQLType="VARCHAR"
      TableName="XXHLP_APPLICANTS" >
      <DesignTime>
         <Attr Name="_DisplaySize" Value="240" />
      </DesignTime>
   </Attribute>
   <Attribute
      Name="Attribute3"
      Precision="240"
      ColumnName="ATTRIBUTE3"
      Type="java.lang.String"
      ColumnType="VARCHAR2"
      SQLType="VARCHAR"
      TableName="XXHLP_APPLICANTS" >
      <DesignTime>
         <Attr Name="_DisplaySize" Value="240" />
      </DesignTime>
   </Attribute>
   <Attribute
      Name="Attribute4"
      Precision="240"
      ColumnName="ATTRIBUTE4"
      Type="java.lang.String"
      ColumnType="VARCHAR2"
      SQLType="VARCHAR"
      TableName="XXHLP_APPLICANTS" >
      <DesignTime>
         <Attr Name="_DisplaySize" Value="240" />
      </DesignTime>
   </Attribute>
   <Attribute
      Name="Attribute5"
      Precision="240"
      ColumnName="ATTRIBUTE5"
      Type="java.lang.String"
      ColumnType="VARCHAR2"
      SQLType="VARCHAR"
      TableName="XXHLP_APPLICANTS" >
      <DesignTime>
         <Attr Name="_DisplaySize" Value="240" />
      </DesignTime>
   </Attribute>
   <Attribute
      Name="Attribute6"
      Precision="240"
      ColumnName="ATTRIBUTE6"
      Type="java.lang.String"
      ColumnType="VARCHAR2"
      SQLType="VARCHAR"
      TableName="XXHLP_APPLICANTS" >
      <DesignTime>
         <Attr Name="_DisplaySize" Value="240" />
      </DesignTime>
   </Attribute>
   <Attribute
      Name="Attribute7"
      Precision="240"
      ColumnName="ATTRIBUTE7"
      Type="java.lang.String"
      ColumnType="VARCHAR2"
      SQLType="VARCHAR"
      TableName="XXHLP_APPLICANTS" >
      <DesignTime>
         <Attr Name="_DisplaySize" Value="240" />
      </DesignTime>
   </Attribute>
   <Attribute
      Name="Attribute8"
      Precision="240"
      ColumnName="ATTRIBUTE8"
      Type="java.lang.String"
      ColumnType="VARCHAR2"
      SQLType="VARCHAR"
      TableName="XXHLP_APPLICANTS" >
      <DesignTime>
         <Attr Name="_DisplaySize" Value="240" />
      </DesignTime>
   </Attribute>
   <Attribute
      Name="Attribute9"
      Precision="240"
      ColumnName="ATTRIBUTE9"
      Type="java.lang.String"
      ColumnType="VARCHAR2"
      SQLType="VARCHAR"
      TableName="XXHLP_APPLICANTS" >
      <DesignTime>
         <Attr Name="_DisplaySize" Value="240" />
      </DesignTime>
   </Attribute>
   <Attribute
      Name="Attribute10"
      Precision="240"
      ColumnName="ATTRIBUTE10"
      Type="java.lang.String"
      ColumnType="VARCHAR2"
      SQLType="VARCHAR"
      TableName="XXHLP_APPLICANTS" >
      <DesignTime>
         <Attr Name="_DisplaySize" Value="240" />
      </DesignTime>
   </Attribute>
   <Attribute
      Name="Attribute11"
      Precision="240"
      ColumnName="ATTRIBUTE11"
      Type="java.lang.String"
      ColumnType="VARCHAR2"
      SQLType="VARCHAR"
      TableName="XXHLP_APPLICANTS" >
      <DesignTime>
         <Attr Name="_DisplaySize" Value="240" />
      </DesignTime>
   </Attribute>
   <Attribute
      Name="Attribute12"
      Precision="240"
      ColumnName="ATTRIBUTE12"
      Type="java.lang.String"
      ColumnType="VARCHAR2"
      SQLType="VARCHAR"
      TableName="XXHLP_APPLICANTS" >
      <DesignTime>
         <Attr Name="_DisplaySize" Value="240" />
      </DesignTime>
   </Attribute>
   <Attribute
      Name="Attribute13"
      Precision="240"
      ColumnName="ATTRIBUTE13"
      Type="java.lang.String"
      ColumnType="VARCHAR2"
      SQLType="VARCHAR"
      TableName="XXHLP_APPLICANTS" >
      <DesignTime>
         <Attr Name="_DisplaySize" Value="240" />
      </DesignTime>
   </Attribute>
   <Attribute
      Name="Attribute14"
      Precision="240"
      ColumnName="ATTRIBUTE14"
      Type="java.lang.String"
      ColumnType="VARCHAR2"
      SQLType="VARCHAR"
      TableName="XXHLP_APPLICANTS" >
      <DesignTime>
         <Attr Name="_DisplaySize" Value="240" />
      </DesignTime>
   </Attribute>
   <Attribute
      Name="Attribute15"
      Precision="240"
      ColumnName="ATTRIBUTE15"
      Type="java.lang.String"
      ColumnType="VARCHAR2"
      SQLType="VARCHAR"
      TableName="XXHLP_APPLICANTS" >
      <DesignTime>
         <Attr Name="_DisplaySize" Value="240" />
      </DesignTime>
   </Attribute>
   <Attribute
      Name="CreatedBy"
      IsNotNull="true"
      ColumnName="CREATED_BY"
      Type="oracle.jbo.domain.Number"
      ColumnType="NUMBER"
      SQLType="NUMERIC"
      TableName="XXHLP_APPLICANTS" >
      <DesignTime>
         <Attr Name="_DisplaySize" Value="22" />
      </DesignTime>
   </Attribute>
   <Attribute
      Name="CreationDate"
      IsNotNull="true"
      ColumnName="CREATION_DATE"
      Type="oracle.jbo.domain.Date"
      ColumnType="DATE"
      SQLType="DATE"
      TableName="XXHLP_APPLICANTS" >
      <DesignTime>
         <Attr Name="_DisplaySize" Value="7" />
      </DesignTime>
   </Attribute>
   <Attribute
      Name="LastUpdatedBy"
      IsNotNull="true"
      ColumnName="LAST_UPDATED_BY"
      Type="oracle.jbo.domain.Number"
      ColumnType="NUMBER"
      SQLType="NUMERIC"
      TableName="XXHLP_APPLICANTS" >
      <DesignTime>
         <Attr Name="_DisplaySize" Value="22" />
      </DesignTime>
   </Attribute>
   <Attribute
      Name="LastUpdateDate"
      IsNotNull="true"
      ColumnName="LAST_UPDATE_DATE"
      Type="oracle.jbo.domain.Date"
      ColumnType="DATE"
      SQLType="DATE"
      TableName="XXHLP_APPLICANTS" >
      <DesignTime>
         <Attr Name="_DisplaySize" Value="7" />
      </DesignTime>
   </Attribute>
   <Attribute
      Name="LastUpdateLogin"
      ColumnName="LAST_UPDATE_LOGIN"
      Type="oracle.jbo.domain.Number"
      ColumnType="NUMBER"
      SQLType="NUMERIC"
      TableName="XXHLP_APPLICANTS" >
      <DesignTime>
         <Attr Name="_DisplaySize" Value="22" />
      </DesignTime>
   </Attribute>
   <Attribute
      Name="IdExpDate"
      ColumnName="ID_EXP_DATE"
      Type="oracle.jbo.domain.Date"
      ColumnType="DATE"
      SQLType="DATE"
      TableName="XXHLP_APPLICANTS" >
      <DesignTime>
         <Attr Name="_DisplaySize" Value="7" />
      </DesignTime>
   </Attribute>
   <Attribute
      Name="PositionAppFor"
      Precision="240"
      ColumnName="POSITION_APP_FOR"
      Type="java.lang.String"
      ColumnType="VARCHAR2"
      SQLType="VARCHAR"
      TableName="XXHLP_APPLICANTS" >
      <DesignTime>
         <Attr Name="_DisplaySize" Value="30" />
      </DesignTime>
   </Attribute>
   <Attribute
      Name="CurrSalary"
      Precision="30"
      ColumnName="CURR_SALARY"
      Type="java.lang.String"
      ColumnType="VARCHAR2"
      SQLType="VARCHAR"
      TableName="XXHLP_APPLICANTS" >
      <DesignTime>
         <Attr Name="_DisplaySize" Value="30" />
      </DesignTime>
   </Attribute>
   <Attribute
      Name="ExpSalary"
      Precision="30"
      ColumnName="EXP_SALARY"
      Type="java.lang.String"
      ColumnType="VARCHAR2"
      SQLType="VARCHAR"
      TableName="XXHLP_APPLICANTS" >
      <DesignTime>
         <Attr Name="_DisplaySize" Value="30" />
      </DesignTime>
   </Attribute>
   <Attribute
      Name="MedicalDoneYn"
      Precision="30"
      ColumnName="MEDICAL_DONE_YN"
      Type="java.lang.String"
      ColumnType="VARCHAR2"
      SQLType="VARCHAR"
      TableName="XXHLP_APPLICANTS" >
      <DesignTime>
         <Attr Name="_DisplaySize" Value="30" />
      </DesignTime>
   </Attribute>
   <Attribute
      Name="RopConductCertYn"
      Precision="30"
      ColumnName="ROP_CONDUCT_CERT_YN"
      Type="java.lang.String"
      ColumnType="VARCHAR2"
      SQLType="VARCHAR"
      TableName="XXHLP_APPLICANTS" >
      <DesignTime>
         <Attr Name="_DisplaySize" Value="30" />
      </DesignTime>
   </Attribute>
   <Attribute
      Name="EmployeeNumber"
      Precision="30"
      ColumnName="EMPLOYEE_NUMBER"
      Type="java.lang.String"
      ColumnType="VARCHAR2"
      SQLType="VARCHAR"
      TableName="XXHLP_APPLICANTS" >
      <DesignTime>
         <Attr Name="_DisplaySize" Value="30" />
      </DesignTime>
   </Attribute>
   <Attribute
      Name="ReferredByName"
      Precision="240"
      ColumnName="REFERRED_BY_NAME"
      Type="java.lang.String"
      ColumnType="VARCHAR2"
      SQLType="VARCHAR"
      TableName="XXHLP_APPLICANTS" >
      <DesignTime>
         <Attr Name="_DisplaySize" Value="240" />
      </DesignTime>
   </Attribute>
   <AccessorAttribute
      Name="eduEO"
      Association="xxhlp.oracle.apps.xxhlp.recruit.schema.server.XxhlpAppEducationsFk01Assoc"
      AssociationEnd="xxhlp.oracle.apps.xxhlp.recruit.schema.server.XxhlpAppEducationsFk01Assoc.eduEO"
      AssociationOtherEnd="xxhlp.oracle.apps.xxhlp.recruit.schema.server.XxhlpAppEducationsFk01Assoc.applEO"
      Type="oracle.jbo.RowIterator"
      IsUpdateable="false" >
   </AccessorAttribute>
   <AccessorAttribute
      Name="expEO"
      Association="xxhlp.oracle.apps.xxhlp.recruit.schema.server.XxhlpAppEmploymentsFk01Assoc"
      AssociationEnd="xxhlp.oracle.apps.xxhlp.recruit.schema.server.XxhlpAppEmploymentsFk01Assoc.expEO"
      AssociationOtherEnd="xxhlp.oracle.apps.xxhlp.recruit.schema.server.XxhlpAppEmploymentsFk01Assoc.applEO"
      Type="oracle.jbo.RowIterator"
      IsUpdateable="false" >
   </AccessorAttribute>
   <AccessorAttribute
      Name="interEO"
      Association="xxhlp.oracle.apps.xxhlp.recruit.schema.server.XxhlpAppInterviewsFk01Assoc"
      AssociationEnd="xxhlp.oracle.apps.xxhlp.recruit.schema.server.XxhlpAppInterviewsFk01Assoc.interEO"
      AssociationOtherEnd="xxhlp.oracle.apps.xxhlp.recruit.schema.server.XxhlpAppInterviewsFk01Assoc.applEO"
      Type="oracle.jbo.RowIterator"
      IsUpdateable="false" >
   </AccessorAttribute>
   <AccessorAttribute
      Name="panelEO"
      Association="xxhlp.oracle.apps.xxhlp.recruit.schema.server.XxhlpAppIntPanelsFk01Assoc"
      AssociationEnd="xxhlp.oracle.apps.xxhlp.recruit.schema.server.XxhlpAppIntPanelsFk01Assoc.panelEO"
      AssociationOtherEnd="xxhlp.oracle.apps.xxhlp.recruit.schema.server.XxhlpAppIntPanelsFk01Assoc.applEO"
      Type="oracle.jbo.RowIterator"
      IsUpdateable="false" >
   </AccessorAttribute>
   <Key
      Name="SysC00286594" >
      <AttrArray Name="Attributes">
         <Item Value="xxhlp.oracle.apps.xxhlp.recruit.schema.server.applEO.AppId" />
      </AttrArray>
      <DesignTime>
         <Attr Name="_checkCondition" Value="&#34;APP_ID&#34; IS NOT NULL" />
         <Attr Name="_isCheck" Value="true" />
         <Attr Name="_DBObjectName" Value="SYS_C00286594" />
      </DesignTime>
   </Key>
   <Key
      Name="SysC00286595" >
      <AttrArray Name="Attributes">
         <Item Value="xxhlp.oracle.apps.xxhlp.recruit.schema.server.applEO.AppRefNumber" />
      </AttrArray>
      <DesignTime>
         <Attr Name="_checkCondition" Value="&#34;APP_REF_NUMBER&#34; IS NOT NULL" />
         <Attr Name="_isCheck" Value="true" />
         <Attr Name="_DBObjectName" Value="SYS_C00286595" />
      </DesignTime>
   </Key>
   <Key
      Name="SysC00286596" >
      <AttrArray Name="Attributes">
         <Item Value="xxhlp.oracle.apps.xxhlp.recruit.schema.server.applEO.Region" />
      </AttrArray>
      <DesignTime>
         <Attr Name="_checkCondition" Value="&#34;REGION&#34; IS NOT NULL" />
         <Attr Name="_isCheck" Value="true" />
         <Attr Name="_DBObjectName" Value="SYS_C00286596" />
      </DesignTime>
   </Key>
   <Key
      Name="SysC00286597" >
      <AttrArray Name="Attributes">
         <Item Value="xxhlp.oracle.apps.xxhlp.recruit.schema.server.applEO.LastName" />
      </AttrArray>
      <DesignTime>
         <Attr Name="_checkCondition" Value="&#34;LAST_NAME&#34; IS NOT NULL" />
         <Attr Name="_isCheck" Value="true" />
         <Attr Name="_DBObjectName" Value="SYS_C00286597" />
      </DesignTime>
   </Key>
   <Key
      Name="SysC00286598" >
      <AttrArray Name="Attributes">
         <Item Value="xxhlp.oracle.apps.xxhlp.recruit.schema.server.applEO.Gender" />
      </AttrArray>
      <DesignTime>
         <Attr Name="_checkCondition" Value="&#34;GENDER&#34; IS NOT NULL" />
         <Attr Name="_isCheck" Value="true" />
         <Attr Name="_DBObjectName" Value="SYS_C00286598" />
      </DesignTime>
   </Key>
   <Key
      Name="SysC00286600" >
      <AttrArray Name="Attributes">
         <Item Value="xxhlp.oracle.apps.xxhlp.recruit.schema.server.applEO.ContactNumber" />
      </AttrArray>
      <DesignTime>
         <Attr Name="_checkCondition" Value="&#34;CONTACT_NUMBER&#34; IS NOT NULL" />
         <Attr Name="_isCheck" Value="true" />
         <Attr Name="_DBObjectName" Value="SYS_C00286600" />
      </DesignTime>
   </Key>
   <Key
      Name="SysC00286601" >
      <AttrArray Name="Attributes">
         <Item Value="xxhlp.oracle.apps.xxhlp.recruit.schema.server.applEO.IdNumber" />
      </AttrArray>
      <DesignTime>
         <Attr Name="_checkCondition" Value="&#34;ID_NUMBER&#34; IS NOT NULL" />
         <Attr Name="_isCheck" Value="true" />
         <Attr Name="_DBObjectName" Value="SYS_C00286601" />
      </DesignTime>
   </Key>
   <Key
      Name="SysC00286602" >
      <AttrArray Name="Attributes">
         <Item Value="xxhlp.oracle.apps.xxhlp.recruit.schema.server.applEO.AppStatus" />
      </AttrArray>
      <DesignTime>
         <Attr Name="_checkCondition" Value="&#34;APP_STATUS&#34; IS NOT NULL" />
         <Attr Name="_isCheck" Value="true" />
         <Attr Name="_DBObjectName" Value="SYS_C00286602" />
      </DesignTime>
   </Key>
   <Key
      Name="SysC00286603" >
      <AttrArray Name="Attributes">
         <Item Value="xxhlp.oracle.apps.xxhlp.recruit.schema.server.applEO.CreatedBy" />
      </AttrArray>
      <DesignTime>
         <Attr Name="_checkCondition" Value="&#34;CREATED_BY&#34; IS NOT NULL" />
         <Attr Name="_isCheck" Value="true" />
         <Attr Name="_DBObjectName" Value="SYS_C00286603" />
      </DesignTime>
   </Key>
   <Key
      Name="SysC00286604" >
      <AttrArray Name="Attributes">
         <Item Value="xxhlp.oracle.apps.xxhlp.recruit.schema.server.applEO.CreationDate" />
      </AttrArray>
      <DesignTime>
         <Attr Name="_checkCondition" Value="&#34;CREATION_DATE&#34; IS NOT NULL" />
         <Attr Name="_isCheck" Value="true" />
         <Attr Name="_DBObjectName" Value="SYS_C00286604" />
      </DesignTime>
   </Key>
   <Key
      Name="SysC00286605" >
      <AttrArray Name="Attributes">
         <Item Value="xxhlp.oracle.apps.xxhlp.recruit.schema.server.applEO.LastUpdatedBy" />
      </AttrArray>
      <DesignTime>
         <Attr Name="_checkCondition" Value="&#34;LAST_UPDATED_BY&#34; IS NOT NULL" />
         <Attr Name="_isCheck" Value="true" />
         <Attr Name="_DBObjectName" Value="SYS_C00286605" />
      </DesignTime>
   </Key>
   <Key
      Name="SysC00286606" >
      <AttrArray Name="Attributes">
         <Item Value="xxhlp.oracle.apps.xxhlp.recruit.schema.server.applEO.LastUpdateDate" />
      </AttrArray>
      <DesignTime>
         <Attr Name="_checkCondition" Value="&#34;LAST_UPDATE_DATE&#34; IS NOT NULL" />
         <Attr Name="_isCheck" Value="true" />
         <Attr Name="_DBObjectName" Value="SYS_C00286606" />
      </DesignTime>
   </Key>
   <Key
      Name="XxhlpApplicantsPk" >
      <AttrArray Name="Attributes">
         <Item Value="xxhlp.oracle.apps.xxhlp.recruit.schema.server.applEO.AppId" />
      </AttrArray>
      <DesignTime>
         <Attr Name="_isPrimary" Value="true" />
         <Attr Name="_DBObjectName" Value="XXHLP_APPLICANTS_PK" />
      </DesignTime>
   </Key>
   <Key
      Name="XxhlpApplicantsUk01" >
      <AttrArray Name="Attributes">
         <Item Value="xxhlp.oracle.apps.xxhlp.recruit.schema.server.applEO.AppRefNumber" />
      </AttrArray>
      <DesignTime>
         <Attr Name="_isUnique" Value="true" />
         <Attr Name="_DBObjectName" Value="XXHLP_APPLICANTS_UK01" />
      </DesignTime>
   </Key>
</Entity>
