<?xml version='1.0' encoding='windows-1252' ?>
<!DOCTYPE Entity SYSTEM "jbo_03_01.dtd">

<Entity
   Name="eduEO"
   DBObjectType="synonym"
   DBObjectName="XXHLP_APP_EDUCATIONS"
   AliasName="eduEO"
   BindingStyle="OracleName"
   UseGlueCode="false"
   RowClass="xxhlp.oracle.apps.xxhlp.recruit.schema.server.eduEOImpl"
   DefClass="oracle.apps.fnd.framework.server.OAEntityDefImpl"
   CollClass="oracle.apps.fnd.framework.server.OAEntityCache" >
   <DesignTime>
      <Attr Name="_isCodegen" Value="true" />
      <Attr Name="_version" Value="10.1.3.41.57" />
      <AttrArray Name="_publishEvents">
      </AttrArray>
      <Attr Name="_panelSchema" Value="alias" />
      <Attr Name="_codeGenFlag2" Value="Init|Delete|Access|DML|Val" />
   </DesignTime>
   <Attribute
      Name="AppEduId"
      IsNotNull="true"
      ColumnName="APP_EDU_ID"
      Type="oracle.jbo.domain.Number"
      ColumnType="NUMBER"
      SQLType="NUMERIC"
      TableName="XXHLP_APP_EDUCATIONS"
      PrimaryKey="true" >
      <DesignTime>
         <Attr Name="_DisplaySize" Value="22" />
      </DesignTime>
   </Attribute>
   <Attribute
      Name="AppId"
      IsNotNull="true"
      ColumnName="APP_ID"
      Type="oracle.jbo.domain.Number"
      ColumnType="NUMBER"
      SQLType="NUMERIC"
      TableName="XXHLP_APP_EDUCATIONS" >
      <DesignTime>
         <Attr Name="_DisplaySize" Value="22" />
      </DesignTime>
   </Attribute>
   <Attribute
      Name="EducationType"
      IsNotNull="true"
      Precision="30"
      ColumnName="EDUCATION_TYPE"
      Type="java.lang.String"
      ColumnType="VARCHAR2"
      SQLType="VARCHAR"
      TableName="XXHLP_APP_EDUCATIONS" >
      <DesignTime>
         <Attr Name="_DisplaySize" Value="30" />
      </DesignTime>
   </Attribute>
   <Attribute
      Name="Education"
      IsNotNull="true"
      Precision="30"
      ColumnName="EDUCATION"
      Type="java.lang.String"
      ColumnType="VARCHAR2"
      SQLType="VARCHAR"
      TableName="XXHLP_APP_EDUCATIONS" >
      <DesignTime>
         <Attr Name="_DisplaySize" Value="30" />
      </DesignTime>
   </Attribute>
   <Attribute
      Name="MajorSubject"
      IsNotNull="true"
      Precision="30"
      ColumnName="MAJOR_SUBJECT"
      Type="java.lang.String"
      ColumnType="VARCHAR2"
      SQLType="VARCHAR"
      TableName="XXHLP_APP_EDUCATIONS" >
      <DesignTime>
         <Attr Name="_DisplaySize" Value="30" />
      </DesignTime>
   </Attribute>
   <Attribute
      Name="College"
      Precision="30"
      ColumnName="COLLEGE"
      Type="java.lang.String"
      ColumnType="VARCHAR2"
      SQLType="VARCHAR"
      TableName="XXHLP_APP_EDUCATIONS" >
      <DesignTime>
         <Attr Name="_DisplaySize" Value="30" />
      </DesignTime>
   </Attribute>
   <Attribute
      Name="YearCompleted"
      IsNotNull="true"
      Precision="4"
      ColumnName="YEAR_COMPLETED"
      Type="java.lang.String"
      ColumnType="VARCHAR2"
      SQLType="VARCHAR"
      TableName="XXHLP_APP_EDUCATIONS" >
      <DesignTime>
         <Attr Name="_DisplaySize" Value="7" />
      </DesignTime>
   </Attribute>
   <Attribute
      Name="GradePerc"
      Precision="30"
      ColumnName="GRADE_PERC"
      Type="java.lang.String"
      ColumnType="VARCHAR2"
      SQLType="VARCHAR"
      TableName="XXHLP_APP_EDUCATIONS" >
      <DesignTime>
         <Attr Name="_DisplaySize" Value="30" />
      </DesignTime>
   </Attribute>
   <Attribute
      Name="AttributeCategory"
      Precision="240"
      ColumnName="ATTRIBUTE_CATEGORY"
      Type="java.lang.String"
      ColumnType="VARCHAR2"
      SQLType="VARCHAR"
      TableName="XXHLP_APP_EDUCATIONS" >
      <DesignTime>
         <Attr Name="_DisplaySize" Value="240" />
      </DesignTime>
   </Attribute>
   <Attribute
      Name="Attribute1"
      Precision="240"
      ColumnName="ATTRIBUTE1"
      Type="java.lang.String"
      ColumnType="VARCHAR2"
      SQLType="VARCHAR"
      TableName="XXHLP_APP_EDUCATIONS" >
      <DesignTime>
         <Attr Name="_DisplaySize" Value="240" />
      </DesignTime>
   </Attribute>
   <Attribute
      Name="Attribute2"
      Precision="240"
      ColumnName="ATTRIBUTE2"
      Type="java.lang.String"
      ColumnType="VARCHAR2"
      SQLType="VARCHAR"
      TableName="XXHLP_APP_EDUCATIONS" >
      <DesignTime>
         <Attr Name="_DisplaySize" Value="240" />
      </DesignTime>
   </Attribute>
   <Attribute
      Name="Attribute3"
      Precision="240"
      ColumnName="ATTRIBUTE3"
      Type="java.lang.String"
      ColumnType="VARCHAR2"
      SQLType="VARCHAR"
      TableName="XXHLP_APP_EDUCATIONS" >
      <DesignTime>
         <Attr Name="_DisplaySize" Value="240" />
      </DesignTime>
   </Attribute>
   <Attribute
      Name="Attribute4"
      Precision="240"
      ColumnName="ATTRIBUTE4"
      Type="java.lang.String"
      ColumnType="VARCHAR2"
      SQLType="VARCHAR"
      TableName="XXHLP_APP_EDUCATIONS" >
      <DesignTime>
         <Attr Name="_DisplaySize" Value="240" />
      </DesignTime>
   </Attribute>
   <Attribute
      Name="Attribute5"
      Precision="240"
      ColumnName="ATTRIBUTE5"
      Type="java.lang.String"
      ColumnType="VARCHAR2"
      SQLType="VARCHAR"
      TableName="XXHLP_APP_EDUCATIONS" >
      <DesignTime>
         <Attr Name="_DisplaySize" Value="240" />
      </DesignTime>
   </Attribute>
   <Attribute
      Name="Attribute6"
      Precision="240"
      ColumnName="ATTRIBUTE6"
      Type="java.lang.String"
      ColumnType="VARCHAR2"
      SQLType="VARCHAR"
      TableName="XXHLP_APP_EDUCATIONS" >
      <DesignTime>
         <Attr Name="_DisplaySize" Value="240" />
      </DesignTime>
   </Attribute>
   <Attribute
      Name="Attribute7"
      Precision="240"
      ColumnName="ATTRIBUTE7"
      Type="java.lang.String"
      ColumnType="VARCHAR2"
      SQLType="VARCHAR"
      TableName="XXHLP_APP_EDUCATIONS" >
      <DesignTime>
         <Attr Name="_DisplaySize" Value="240" />
      </DesignTime>
   </Attribute>
   <Attribute
      Name="Attribute8"
      Precision="240"
      ColumnName="ATTRIBUTE8"
      Type="java.lang.String"
      ColumnType="VARCHAR2"
      SQLType="VARCHAR"
      TableName="XXHLP_APP_EDUCATIONS" >
      <DesignTime>
         <Attr Name="_DisplaySize" Value="240" />
      </DesignTime>
   </Attribute>
   <Attribute
      Name="Attribute9"
      Precision="240"
      ColumnName="ATTRIBUTE9"
      Type="java.lang.String"
      ColumnType="VARCHAR2"
      SQLType="VARCHAR"
      TableName="XXHLP_APP_EDUCATIONS" >
      <DesignTime>
         <Attr Name="_DisplaySize" Value="240" />
      </DesignTime>
   </Attribute>
   <Attribute
      Name="Attribute10"
      Precision="240"
      ColumnName="ATTRIBUTE10"
      Type="java.lang.String"
      ColumnType="VARCHAR2"
      SQLType="VARCHAR"
      TableName="XXHLP_APP_EDUCATIONS" >
      <DesignTime>
         <Attr Name="_DisplaySize" Value="240" />
      </DesignTime>
   </Attribute>
   <Attribute
      Name="Attribute11"
      Precision="240"
      ColumnName="ATTRIBUTE11"
      Type="java.lang.String"
      ColumnType="VARCHAR2"
      SQLType="VARCHAR"
      TableName="XXHLP_APP_EDUCATIONS" >
      <DesignTime>
         <Attr Name="_DisplaySize" Value="240" />
      </DesignTime>
   </Attribute>
   <Attribute
      Name="Attribute12"
      Precision="240"
      ColumnName="ATTRIBUTE12"
      Type="java.lang.String"
      ColumnType="VARCHAR2"
      SQLType="VARCHAR"
      TableName="XXHLP_APP_EDUCATIONS" >
      <DesignTime>
         <Attr Name="_DisplaySize" Value="240" />
      </DesignTime>
   </Attribute>
   <Attribute
      Name="Attribute13"
      Precision="240"
      ColumnName="ATTRIBUTE13"
      Type="java.lang.String"
      ColumnType="VARCHAR2"
      SQLType="VARCHAR"
      TableName="XXHLP_APP_EDUCATIONS" >
      <DesignTime>
         <Attr Name="_DisplaySize" Value="240" />
      </DesignTime>
   </Attribute>
   <Attribute
      Name="Attribute14"
      Precision="240"
      ColumnName="ATTRIBUTE14"
      Type="java.lang.String"
      ColumnType="VARCHAR2"
      SQLType="VARCHAR"
      TableName="XXHLP_APP_EDUCATIONS" >
      <DesignTime>
         <Attr Name="_DisplaySize" Value="240" />
      </DesignTime>
   </Attribute>
   <Attribute
      Name="Attribute15"
      Precision="240"
      ColumnName="ATTRIBUTE15"
      Type="java.lang.String"
      ColumnType="VARCHAR2"
      SQLType="VARCHAR"
      TableName="XXHLP_APP_EDUCATIONS" >
      <DesignTime>
         <Attr Name="_DisplaySize" Value="240" />
      </DesignTime>
   </Attribute>
   <Attribute
      Name="CreatedBy"
      IsNotNull="true"
      ColumnName="CREATED_BY"
      Type="oracle.jbo.domain.Number"
      ColumnType="NUMBER"
      SQLType="NUMERIC"
      TableName="XXHLP_APP_EDUCATIONS" >
      <DesignTime>
         <Attr Name="_DisplaySize" Value="22" />
      </DesignTime>
   </Attribute>
   <Attribute
      Name="CreationDate"
      IsNotNull="true"
      ColumnName="CREATION_DATE"
      Type="oracle.jbo.domain.Date"
      ColumnType="DATE"
      SQLType="DATE"
      TableName="XXHLP_APP_EDUCATIONS" >
      <DesignTime>
         <Attr Name="_DisplaySize" Value="7" />
      </DesignTime>
   </Attribute>
   <Attribute
      Name="LastUpdatedBy"
      IsNotNull="true"
      ColumnName="LAST_UPDATED_BY"
      Type="oracle.jbo.domain.Number"
      ColumnType="NUMBER"
      SQLType="NUMERIC"
      TableName="XXHLP_APP_EDUCATIONS" >
      <DesignTime>
         <Attr Name="_DisplaySize" Value="22" />
      </DesignTime>
   </Attribute>
   <Attribute
      Name="LastUpdateDate"
      IsNotNull="true"
      ColumnName="LAST_UPDATE_DATE"
      Type="oracle.jbo.domain.Date"
      ColumnType="DATE"
      SQLType="DATE"
      TableName="XXHLP_APP_EDUCATIONS" >
      <DesignTime>
         <Attr Name="_DisplaySize" Value="7" />
      </DesignTime>
   </Attribute>
   <Attribute
      Name="LastUpdateLogin"
      ColumnName="LAST_UPDATE_LOGIN"
      Type="oracle.jbo.domain.Number"
      ColumnType="NUMBER"
      SQLType="NUMERIC"
      TableName="XXHLP_APP_EDUCATIONS" >
      <DesignTime>
         <Attr Name="_DisplaySize" Value="22" />
      </DesignTime>
   </Attribute>
   <AccessorAttribute
      Name="applEO"
      Association="xxhlp.oracle.apps.xxhlp.recruit.schema.server.XxhlpAppEducationsFk01Assoc"
      AssociationEnd="xxhlp.oracle.apps.xxhlp.recruit.schema.server.XxhlpAppEducationsFk01Assoc.applEO"
      AssociationOtherEnd="xxhlp.oracle.apps.xxhlp.recruit.schema.server.XxhlpAppEducationsFk01Assoc.eduEO"
      Type="xxhlp.oracle.apps.xxhlp.recruit.schema.server.applEOImpl" >
   </AccessorAttribute>
   <Key
      Name="SysC00286609" >
      <AttrArray Name="Attributes">
         <Item Value="xxhlp.oracle.apps.xxhlp.recruit.schema.server.eduEO.AppEduId" />
      </AttrArray>
      <DesignTime>
         <Attr Name="_checkCondition" Value="&#34;APP_EDU_ID&#34; IS NOT NULL" />
         <Attr Name="_isCheck" Value="true" />
         <Attr Name="_DBObjectName" Value="SYS_C00286609" />
      </DesignTime>
   </Key>
   <Key
      Name="SysC00286610" >
      <AttrArray Name="Attributes">
         <Item Value="xxhlp.oracle.apps.xxhlp.recruit.schema.server.eduEO.AppId" />
      </AttrArray>
      <DesignTime>
         <Attr Name="_checkCondition" Value="&#34;APP_ID&#34; IS NOT NULL" />
         <Attr Name="_isCheck" Value="true" />
         <Attr Name="_DBObjectName" Value="SYS_C00286610" />
      </DesignTime>
   </Key>
   <Key
      Name="SysC00286611" >
      <AttrArray Name="Attributes">
         <Item Value="xxhlp.oracle.apps.xxhlp.recruit.schema.server.eduEO.EducationType" />
      </AttrArray>
      <DesignTime>
         <Attr Name="_checkCondition" Value="&#34;EDUCATION_TYPE&#34; IS NOT NULL" />
         <Attr Name="_isCheck" Value="true" />
         <Attr Name="_DBObjectName" Value="SYS_C00286611" />
      </DesignTime>
   </Key>
   <Key
      Name="SysC00286612" >
      <AttrArray Name="Attributes">
         <Item Value="xxhlp.oracle.apps.xxhlp.recruit.schema.server.eduEO.Education" />
      </AttrArray>
      <DesignTime>
         <Attr Name="_checkCondition" Value="&#34;EDUCATION&#34; IS NOT NULL" />
         <Attr Name="_isCheck" Value="true" />
         <Attr Name="_DBObjectName" Value="SYS_C00286612" />
      </DesignTime>
   </Key>
   <Key
      Name="SysC00286613" >
      <AttrArray Name="Attributes">
         <Item Value="xxhlp.oracle.apps.xxhlp.recruit.schema.server.eduEO.MajorSubject" />
      </AttrArray>
      <DesignTime>
         <Attr Name="_checkCondition" Value="&#34;MAJOR_SUBJECT&#34; IS NOT NULL" />
         <Attr Name="_isCheck" Value="true" />
         <Attr Name="_DBObjectName" Value="SYS_C00286613" />
      </DesignTime>
   </Key>
   <Key
      Name="SysC00286614" >
      <AttrArray Name="Attributes">
         <Item Value="xxhlp.oracle.apps.xxhlp.recruit.schema.server.eduEO.YearCompleted" />
      </AttrArray>
      <DesignTime>
         <Attr Name="_checkCondition" Value="&#34;YEAR_COMPLETED&#34; IS NOT NULL" />
         <Attr Name="_isCheck" Value="true" />
         <Attr Name="_DBObjectName" Value="SYS_C00286614" />
      </DesignTime>
   </Key>
   <Key
      Name="SysC00286615" >
      <AttrArray Name="Attributes">
         <Item Value="xxhlp.oracle.apps.xxhlp.recruit.schema.server.eduEO.CreatedBy" />
      </AttrArray>
      <DesignTime>
         <Attr Name="_checkCondition" Value="&#34;CREATED_BY&#34; IS NOT NULL" />
         <Attr Name="_isCheck" Value="true" />
         <Attr Name="_DBObjectName" Value="SYS_C00286615" />
      </DesignTime>
   </Key>
   <Key
      Name="SysC00286616" >
      <AttrArray Name="Attributes">
         <Item Value="xxhlp.oracle.apps.xxhlp.recruit.schema.server.eduEO.CreationDate" />
      </AttrArray>
      <DesignTime>
         <Attr Name="_checkCondition" Value="&#34;CREATION_DATE&#34; IS NOT NULL" />
         <Attr Name="_isCheck" Value="true" />
         <Attr Name="_DBObjectName" Value="SYS_C00286616" />
      </DesignTime>
   </Key>
   <Key
      Name="SysC00286617" >
      <AttrArray Name="Attributes">
         <Item Value="xxhlp.oracle.apps.xxhlp.recruit.schema.server.eduEO.LastUpdatedBy" />
      </AttrArray>
      <DesignTime>
         <Attr Name="_checkCondition" Value="&#34;LAST_UPDATED_BY&#34; IS NOT NULL" />
         <Attr Name="_isCheck" Value="true" />
         <Attr Name="_DBObjectName" Value="SYS_C00286617" />
      </DesignTime>
   </Key>
   <Key
      Name="SysC00286618" >
      <AttrArray Name="Attributes">
         <Item Value="xxhlp.oracle.apps.xxhlp.recruit.schema.server.eduEO.LastUpdateDate" />
      </AttrArray>
      <DesignTime>
         <Attr Name="_checkCondition" Value="&#34;LAST_UPDATE_DATE&#34; IS NOT NULL" />
         <Attr Name="_isCheck" Value="true" />
         <Attr Name="_DBObjectName" Value="SYS_C00286618" />
      </DesignTime>
   </Key>
   <Key
      Name="XxhlpAppEducationsPk" >
      <AttrArray Name="Attributes">
         <Item Value="xxhlp.oracle.apps.xxhlp.recruit.schema.server.eduEO.AppEduId" />
      </AttrArray>
      <DesignTime>
         <Attr Name="_isPrimary" Value="true" />
         <Attr Name="_DBObjectName" Value="XXHLP_APP_EDUCATIONS_PK" />
      </DesignTime>
   </Key>
   <Key
      Name="XxhlpAppEducationsFk01" >
      <AttrArray Name="Attributes">
         <Item Value="xxhlp.oracle.apps.xxhlp.recruit.schema.server.eduEO.AppId" />
      </AttrArray>
      <DesignTime>
         <Attr Name="_referencedKey" Value="XXHLP_APPLICANTS_PK" />
         <Attr Name="_isForeign" Value="true" />
         <Attr Name="_DBObjectName" Value="XXHLP_APP_EDUCATIONS_FK01" />
      </DesignTime>
   </Key>
</Entity>
