<?xml version='1.0' encoding='windows-1252' ?>
<!DOCTYPE Entity SYSTEM "jbo_03_01.dtd">

<Entity
   Name="expEO"
   DBObjectType="synonym"
   DBObjectName="XXHLP_APP_EMPLOYMENTS"
   AliasName="expEO"
   BindingStyle="OracleName"
   UseGlueCode="false"
   RowClass="xxhlp.oracle.apps.xxhlp.recruit.schema.server.expEOImpl"
   DefClass="oracle.apps.fnd.framework.server.OAEntityDefImpl"
   CollClass="oracle.apps.fnd.framework.server.OAEntityCache" >
   <DesignTime>
      <Attr Name="_isCodegen" Value="true" />
      <Attr Name="_version" Value="10.1.3.41.57" />
      <AttrArray Name="_publishEvents">
      </AttrArray>
      <Attr Name="_panelSchema" Value="alias" />
      <Attr Name="_codeGenFlag2" Value="Init|Delete|Access|DML|Val" />
   </DesignTime>
   <Attribute
      Name="AppEmpId"
      IsNotNull="true"
      ColumnName="APP_EMP_ID"
      Type="oracle.jbo.domain.Number"
      ColumnType="NUMBER"
      SQLType="NUMERIC"
      TableName="XXHLP_APP_EMPLOYMENTS"
      PrimaryKey="true" >
      <DesignTime>
         <Attr Name="_DisplaySize" Value="22" />
      </DesignTime>
   </Attribute>
   <Attribute
      Name="AppId"
      IsNotNull="true"
      ColumnName="APP_ID"
      Type="oracle.jbo.domain.Number"
      ColumnType="NUMBER"
      SQLType="NUMERIC"
      TableName="XXHLP_APP_EMPLOYMENTS" >
      <DesignTime>
         <Attr Name="_DisplaySize" Value="22" />
      </DesignTime>
   </Attribute>
   <Attribute
      Name="CompanyName"
      Precision="240"
      ColumnName="COMPANY_NAME"
      Type="java.lang.String"
      ColumnType="VARCHAR2"
      SQLType="VARCHAR"
      TableName="XXHLP_APP_EMPLOYMENTS" >
      <DesignTime>
         <Attr Name="_DisplaySize" Value="240" />
      </DesignTime>
   </Attribute>
   <Attribute
      Name="DateFrom"
      ColumnName="DATE_FROM"
      Type="oracle.jbo.domain.Date"
      ColumnType="DATE"
      SQLType="DATE"
      TableName="XXHLP_APP_EMPLOYMENTS" >
      <DesignTime>
         <Attr Name="_DisplaySize" Value="7" />
      </DesignTime>
   </Attribute>
   <Attribute
      Name="DateUpto"
      ColumnName="DATE_UPTO"
      Type="oracle.jbo.domain.Date"
      ColumnType="DATE"
      SQLType="DATE"
      TableName="XXHLP_APP_EMPLOYMENTS" >
      <DesignTime>
         <Attr Name="_DisplaySize" Value="7" />
      </DesignTime>
   </Attribute>
   <Attribute
      Name="PositionHeld"
      Precision="60"
      ColumnName="POSITION_HELD"
      Type="java.lang.String"
      ColumnType="VARCHAR2"
      SQLType="VARCHAR"
      TableName="XXHLP_APP_EMPLOYMENTS" >
      <DesignTime>
         <Attr Name="_DisplaySize" Value="60" />
      </DesignTime>
   </Attribute>
   <Attribute
      Name="Country"
      Precision="30"
      ColumnName="COUNTRY"
      Type="java.lang.String"
      ColumnType="VARCHAR2"
      SQLType="VARCHAR"
      TableName="XXHLP_APP_EMPLOYMENTS" >
      <DesignTime>
         <Attr Name="_DisplaySize" Value="30" />
      </DesignTime>
   </Attribute>
   <Attribute
      Name="ExpType"
      Precision="30"
      ColumnName="EXP_TYPE"
      Type="java.lang.String"
      ColumnType="VARCHAR2"
      SQLType="VARCHAR"
      TableName="XXHLP_APP_EMPLOYMENTS" >
      <DesignTime>
         <Attr Name="_DisplaySize" Value="30" />
      </DesignTime>
   </Attribute>
   <Attribute
      Name="AttributeCategory"
      Precision="240"
      ColumnName="ATTRIBUTE_CATEGORY"
      Type="java.lang.String"
      ColumnType="VARCHAR2"
      SQLType="VARCHAR"
      TableName="XXHLP_APP_EMPLOYMENTS" >
      <DesignTime>
         <Attr Name="_DisplaySize" Value="240" />
      </DesignTime>
   </Attribute>
   <Attribute
      Name="Attribute1"
      Precision="240"
      ColumnName="ATTRIBUTE1"
      Type="java.lang.String"
      ColumnType="VARCHAR2"
      SQLType="VARCHAR"
      TableName="XXHLP_APP_EMPLOYMENTS" >
      <DesignTime>
         <Attr Name="_DisplaySize" Value="240" />
      </DesignTime>
   </Attribute>
   <Attribute
      Name="Attribute2"
      Precision="240"
      ColumnName="ATTRIBUTE2"
      Type="java.lang.String"
      ColumnType="VARCHAR2"
      SQLType="VARCHAR"
      TableName="XXHLP_APP_EMPLOYMENTS" >
      <DesignTime>
         <Attr Name="_DisplaySize" Value="240" />
      </DesignTime>
   </Attribute>
   <Attribute
      Name="Attribute3"
      Precision="240"
      ColumnName="ATTRIBUTE3"
      Type="java.lang.String"
      ColumnType="VARCHAR2"
      SQLType="VARCHAR"
      TableName="XXHLP_APP_EMPLOYMENTS" >
      <DesignTime>
         <Attr Name="_DisplaySize" Value="240" />
      </DesignTime>
   </Attribute>
   <Attribute
      Name="Attribute4"
      Precision="240"
      ColumnName="ATTRIBUTE4"
      Type="java.lang.String"
      ColumnType="VARCHAR2"
      SQLType="VARCHAR"
      TableName="XXHLP_APP_EMPLOYMENTS" >
      <DesignTime>
         <Attr Name="_DisplaySize" Value="240" />
      </DesignTime>
   </Attribute>
   <Attribute
      Name="Attribute5"
      Precision="240"
      ColumnName="ATTRIBUTE5"
      Type="java.lang.String"
      ColumnType="VARCHAR2"
      SQLType="VARCHAR"
      TableName="XXHLP_APP_EMPLOYMENTS" >
      <DesignTime>
         <Attr Name="_DisplaySize" Value="240" />
      </DesignTime>
   </Attribute>
   <Attribute
      Name="Attribute6"
      Precision="240"
      ColumnName="ATTRIBUTE6"
      Type="java.lang.String"
      ColumnType="VARCHAR2"
      SQLType="VARCHAR"
      TableName="XXHLP_APP_EMPLOYMENTS" >
      <DesignTime>
         <Attr Name="_DisplaySize" Value="240" />
      </DesignTime>
   </Attribute>
   <Attribute
      Name="Attribute7"
      Precision="240"
      ColumnName="ATTRIBUTE7"
      Type="java.lang.String"
      ColumnType="VARCHAR2"
      SQLType="VARCHAR"
      TableName="XXHLP_APP_EMPLOYMENTS" >
      <DesignTime>
         <Attr Name="_DisplaySize" Value="240" />
      </DesignTime>
   </Attribute>
   <Attribute
      Name="Attribute8"
      Precision="240"
      ColumnName="ATTRIBUTE8"
      Type="java.lang.String"
      ColumnType="VARCHAR2"
      SQLType="VARCHAR"
      TableName="XXHLP_APP_EMPLOYMENTS" >
      <DesignTime>
         <Attr Name="_DisplaySize" Value="240" />
      </DesignTime>
   </Attribute>
   <Attribute
      Name="Attribute9"
      Precision="240"
      ColumnName="ATTRIBUTE9"
      Type="java.lang.String"
      ColumnType="VARCHAR2"
      SQLType="VARCHAR"
      TableName="XXHLP_APP_EMPLOYMENTS" >
      <DesignTime>
         <Attr Name="_DisplaySize" Value="240" />
      </DesignTime>
   </Attribute>
   <Attribute
      Name="Attribute10"
      Precision="240"
      ColumnName="ATTRIBUTE10"
      Type="java.lang.String"
      ColumnType="VARCHAR2"
      SQLType="VARCHAR"
      TableName="XXHLP_APP_EMPLOYMENTS" >
      <DesignTime>
         <Attr Name="_DisplaySize" Value="240" />
      </DesignTime>
   </Attribute>
   <Attribute
      Name="Attribute11"
      Precision="240"
      ColumnName="ATTRIBUTE11"
      Type="java.lang.String"
      ColumnType="VARCHAR2"
      SQLType="VARCHAR"
      TableName="XXHLP_APP_EMPLOYMENTS" >
      <DesignTime>
         <Attr Name="_DisplaySize" Value="240" />
      </DesignTime>
   </Attribute>
   <Attribute
      Name="Attribute12"
      Precision="240"
      ColumnName="ATTRIBUTE12"
      Type="java.lang.String"
      ColumnType="VARCHAR2"
      SQLType="VARCHAR"
      TableName="XXHLP_APP_EMPLOYMENTS" >
      <DesignTime>
         <Attr Name="_DisplaySize" Value="240" />
      </DesignTime>
   </Attribute>
   <Attribute
      Name="Attribute13"
      Precision="240"
      ColumnName="ATTRIBUTE13"
      Type="java.lang.String"
      ColumnType="VARCHAR2"
      SQLType="VARCHAR"
      TableName="XXHLP_APP_EMPLOYMENTS" >
      <DesignTime>
         <Attr Name="_DisplaySize" Value="240" />
      </DesignTime>
   </Attribute>
   <Attribute
      Name="Attribute14"
      Precision="240"
      ColumnName="ATTRIBUTE14"
      Type="java.lang.String"
      ColumnType="VARCHAR2"
      SQLType="VARCHAR"
      TableName="XXHLP_APP_EMPLOYMENTS" >
      <DesignTime>
         <Attr Name="_DisplaySize" Value="240" />
      </DesignTime>
   </Attribute>
   <Attribute
      Name="Attribute15"
      Precision="240"
      ColumnName="ATTRIBUTE15"
      Type="java.lang.String"
      ColumnType="VARCHAR2"
      SQLType="VARCHAR"
      TableName="XXHLP_APP_EMPLOYMENTS" >
      <DesignTime>
         <Attr Name="_DisplaySize" Value="240" />
      </DesignTime>
   </Attribute>
   <Attribute
      Name="CreatedBy"
      IsNotNull="true"
      ColumnName="CREATED_BY"
      Type="oracle.jbo.domain.Number"
      ColumnType="NUMBER"
      SQLType="NUMERIC"
      TableName="XXHLP_APP_EMPLOYMENTS" >
      <DesignTime>
         <Attr Name="_DisplaySize" Value="22" />
      </DesignTime>
   </Attribute>
   <Attribute
      Name="CreationDate"
      IsNotNull="true"
      ColumnName="CREATION_DATE"
      Type="oracle.jbo.domain.Date"
      ColumnType="DATE"
      SQLType="DATE"
      TableName="XXHLP_APP_EMPLOYMENTS" >
      <DesignTime>
         <Attr Name="_DisplaySize" Value="7" />
      </DesignTime>
   </Attribute>
   <Attribute
      Name="LastUpdatedBy"
      IsNotNull="true"
      ColumnName="LAST_UPDATED_BY"
      Type="oracle.jbo.domain.Number"
      ColumnType="NUMBER"
      SQLType="NUMERIC"
      TableName="XXHLP_APP_EMPLOYMENTS" >
      <DesignTime>
         <Attr Name="_DisplaySize" Value="22" />
      </DesignTime>
   </Attribute>
   <Attribute
      Name="LastUpdateDate"
      IsNotNull="true"
      ColumnName="LAST_UPDATE_DATE"
      Type="oracle.jbo.domain.Date"
      ColumnType="DATE"
      SQLType="DATE"
      TableName="XXHLP_APP_EMPLOYMENTS" >
      <DesignTime>
         <Attr Name="_DisplaySize" Value="7" />
      </DesignTime>
   </Attribute>
   <Attribute
      Name="LastUpdateLogin"
      ColumnName="LAST_UPDATE_LOGIN"
      Type="oracle.jbo.domain.Number"
      ColumnType="NUMBER"
      SQLType="NUMERIC"
      TableName="XXHLP_APP_EMPLOYMENTS" >
      <DesignTime>
         <Attr Name="_DisplaySize" Value="22" />
      </DesignTime>
   </Attribute>
   <Attribute
      Name="ExpYears"
      ColumnName="EXP_YEARS"
      Type="oracle.jbo.domain.Number"
      ColumnType="NUMBER"
      SQLType="NUMERIC"
      TableName="XXHLP_APP_EMPLOYMENTS" >
      <DesignTime>
         <Attr Name="_DisplaySize" Value="22" />
      </DesignTime>
   </Attribute>
   <AccessorAttribute
      Name="applEO"
      Association="xxhlp.oracle.apps.xxhlp.recruit.schema.server.XxhlpAppEmploymentsFk01Assoc"
      AssociationEnd="xxhlp.oracle.apps.xxhlp.recruit.schema.server.XxhlpAppEmploymentsFk01Assoc.applEO"
      AssociationOtherEnd="xxhlp.oracle.apps.xxhlp.recruit.schema.server.XxhlpAppEmploymentsFk01Assoc.expEO"
      Type="xxhlp.oracle.apps.xxhlp.recruit.schema.server.applEOImpl" >
   </AccessorAttribute>
   <Key
      Name="SysC00286642" >
      <AttrArray Name="Attributes">
         <Item Value="xxhlp.oracle.apps.xxhlp.recruit.schema.server.expEO.AppEmpId" />
      </AttrArray>
      <DesignTime>
         <Attr Name="_checkCondition" Value="&#34;APP_EMP_ID&#34; IS NOT NULL" />
         <Attr Name="_isCheck" Value="true" />
         <Attr Name="_DBObjectName" Value="SYS_C00286642" />
      </DesignTime>
   </Key>
   <Key
      Name="SysC00286643" >
      <AttrArray Name="Attributes">
         <Item Value="xxhlp.oracle.apps.xxhlp.recruit.schema.server.expEO.AppId" />
      </AttrArray>
      <DesignTime>
         <Attr Name="_checkCondition" Value="&#34;APP_ID&#34; IS NOT NULL" />
         <Attr Name="_isCheck" Value="true" />
         <Attr Name="_DBObjectName" Value="SYS_C00286643" />
      </DesignTime>
   </Key>
   <Key
      Name="SysC00286644" >
      <AttrArray Name="Attributes">
         <Item Value="xxhlp.oracle.apps.xxhlp.recruit.schema.server.expEO.CreatedBy" />
      </AttrArray>
      <DesignTime>
         <Attr Name="_checkCondition" Value="&#34;CREATED_BY&#34; IS NOT NULL" />
         <Attr Name="_isCheck" Value="true" />
         <Attr Name="_DBObjectName" Value="SYS_C00286644" />
      </DesignTime>
   </Key>
   <Key
      Name="SysC00286645" >
      <AttrArray Name="Attributes">
         <Item Value="xxhlp.oracle.apps.xxhlp.recruit.schema.server.expEO.CreationDate" />
      </AttrArray>
      <DesignTime>
         <Attr Name="_checkCondition" Value="&#34;CREATION_DATE&#34; IS NOT NULL" />
         <Attr Name="_isCheck" Value="true" />
         <Attr Name="_DBObjectName" Value="SYS_C00286645" />
      </DesignTime>
   </Key>
   <Key
      Name="SysC00286646" >
      <AttrArray Name="Attributes">
         <Item Value="xxhlp.oracle.apps.xxhlp.recruit.schema.server.expEO.LastUpdatedBy" />
      </AttrArray>
      <DesignTime>
         <Attr Name="_checkCondition" Value="&#34;LAST_UPDATED_BY&#34; IS NOT NULL" />
         <Attr Name="_isCheck" Value="true" />
         <Attr Name="_DBObjectName" Value="SYS_C00286646" />
      </DesignTime>
   </Key>
   <Key
      Name="SysC00286647" >
      <AttrArray Name="Attributes">
         <Item Value="xxhlp.oracle.apps.xxhlp.recruit.schema.server.expEO.LastUpdateDate" />
      </AttrArray>
      <DesignTime>
         <Attr Name="_checkCondition" Value="&#34;LAST_UPDATE_DATE&#34; IS NOT NULL" />
         <Attr Name="_isCheck" Value="true" />
         <Attr Name="_DBObjectName" Value="SYS_C00286647" />
      </DesignTime>
   </Key>
   <Key
      Name="XxhlpAppEmploymentsPk" >
      <AttrArray Name="Attributes">
         <Item Value="xxhlp.oracle.apps.xxhlp.recruit.schema.server.expEO.AppEmpId" />
      </AttrArray>
      <DesignTime>
         <Attr Name="_isPrimary" Value="true" />
         <Attr Name="_DBObjectName" Value="XXHLP_APP_EMPLOYMENTS_PK" />
      </DesignTime>
   </Key>
   <Key
      Name="XxhlpAppEmploymentsFk01" >
      <AttrArray Name="Attributes">
         <Item Value="xxhlp.oracle.apps.xxhlp.recruit.schema.server.expEO.AppId" />
      </AttrArray>
      <DesignTime>
         <Attr Name="_referencedKey" Value="XXHLP_APPLICANTS_PK" />
         <Attr Name="_isForeign" Value="true" />
         <Attr Name="_DBObjectName" Value="XXHLP_APP_EMPLOYMENTS_FK01" />
      </DesignTime>
   </Key>
</Entity>
