<?xml version='1.0' encoding='windows-1252' ?>
<!DOCTYPE Entity SYSTEM "jbo_03_01.dtd">

<Entity
   Name="panelEO"
   DBObjectType="synonym"
   DBObjectName="XXHLP_APP_INT_PANELS"
   AliasName="panelEO"
   BindingStyle="OracleName"
   UseGlueCode="false"
   RowClass="xxhlp.oracle.apps.xxhlp.recruit.schema.server.panelEOImpl"
   DefClass="oracle.apps.fnd.framework.server.OAEntityDefImpl"
   CollClass="oracle.apps.fnd.framework.server.OAEntityCache" >
   <DesignTime>
      <Attr Name="_isCodegen" Value="true" />
      <Attr Name="_version" Value="10.1.3.41.57" />
      <AttrArray Name="_publishEvents">
      </AttrArray>
      <Attr Name="_panelSchema" Value="alias" />
      <Attr Name="_codeGenFlag2" Value="Init|Delete|Access|DML|Val" />
   </DesignTime>
   <Attribute
      Name="IntPanelId"
      IsNotNull="true"
      ColumnName="INT_PANEL_ID"
      Type="oracle.jbo.domain.Number"
      ColumnType="NUMBER"
      SQLType="NUMERIC"
      TableName="XXHLP_APP_INT_PANELS"
      PrimaryKey="true" >
      <DesignTime>
         <Attr Name="_DisplaySize" Value="22" />
      </DesignTime>
   </Attribute>
   <Attribute
      Name="AppIntId"
      IsNotNull="true"
      ColumnName="APP_INT_ID"
      Type="oracle.jbo.domain.Number"
      ColumnType="NUMBER"
      SQLType="NUMERIC"
      TableName="XXHLP_APP_INT_PANELS" >
      <DesignTime>
         <Attr Name="_DisplaySize" Value="22" />
      </DesignTime>
   </Attribute>
   <Attribute
      Name="AppId"
      IsNotNull="true"
      ColumnName="APP_ID"
      Type="oracle.jbo.domain.Number"
      ColumnType="NUMBER"
      SQLType="NUMERIC"
      TableName="XXHLP_APP_INT_PANELS" >
      <DesignTime>
         <Attr Name="_DisplaySize" Value="22" />
      </DesignTime>
   </Attribute>
   <Attribute
      Name="PersonId"
      ColumnName="PERSON_ID"
      Type="oracle.jbo.domain.Number"
      ColumnType="NUMBER"
      SQLType="NUMERIC"
      TableName="XXHLP_APP_INT_PANELS" >
      <DesignTime>
         <Attr Name="_DisplaySize" Value="22" />
      </DesignTime>
   </Attribute>
   <Attribute
      Name="PersonName"
      IsNotNull="true"
      Precision="240"
      ColumnName="PERSON_NAME"
      Type="java.lang.String"
      ColumnType="VARCHAR2"
      SQLType="VARCHAR"
      TableName="XXHLP_APP_INT_PANELS" >
      <DesignTime>
         <Attr Name="_DisplaySize" Value="240" />
      </DesignTime>
   </Attribute>
   <Attribute
      Name="Remarks"
      Precision="4000"
      ColumnName="REMARKS"
      Type="java.lang.String"
      ColumnType="VARCHAR2"
      SQLType="VARCHAR"
      TableName="XXHLP_APP_INT_PANELS" >
      <DesignTime>
         <Attr Name="_DisplaySize" Value="4000" />
      </DesignTime>
   </Attribute>
   <Attribute
      Name="AttributeCategory"
      Precision="240"
      ColumnName="ATTRIBUTE_CATEGORY"
      Type="java.lang.String"
      ColumnType="VARCHAR2"
      SQLType="VARCHAR"
      TableName="XXHLP_APP_INT_PANELS" >
      <DesignTime>
         <Attr Name="_DisplaySize" Value="240" />
      </DesignTime>
   </Attribute>
   <Attribute
      Name="Attribute1"
      Precision="240"
      ColumnName="ATTRIBUTE1"
      Type="java.lang.String"
      ColumnType="VARCHAR2"
      SQLType="VARCHAR"
      TableName="XXHLP_APP_INT_PANELS" >
      <DesignTime>
         <Attr Name="_DisplaySize" Value="240" />
      </DesignTime>
   </Attribute>
   <Attribute
      Name="Attribute2"
      Precision="240"
      ColumnName="ATTRIBUTE2"
      Type="java.lang.String"
      ColumnType="VARCHAR2"
      SQLType="VARCHAR"
      TableName="XXHLP_APP_INT_PANELS" >
      <DesignTime>
         <Attr Name="_DisplaySize" Value="240" />
      </DesignTime>
   </Attribute>
   <Attribute
      Name="Attribute3"
      Precision="240"
      ColumnName="ATTRIBUTE3"
      Type="java.lang.String"
      ColumnType="VARCHAR2"
      SQLType="VARCHAR"
      TableName="XXHLP_APP_INT_PANELS" >
      <DesignTime>
         <Attr Name="_DisplaySize" Value="240" />
      </DesignTime>
   </Attribute>
   <Attribute
      Name="Attribute4"
      Precision="240"
      ColumnName="ATTRIBUTE4"
      Type="java.lang.String"
      ColumnType="VARCHAR2"
      SQLType="VARCHAR"
      TableName="XXHLP_APP_INT_PANELS" >
      <DesignTime>
         <Attr Name="_DisplaySize" Value="240" />
      </DesignTime>
   </Attribute>
   <Attribute
      Name="Attribute5"
      Precision="240"
      ColumnName="ATTRIBUTE5"
      Type="java.lang.String"
      ColumnType="VARCHAR2"
      SQLType="VARCHAR"
      TableName="XXHLP_APP_INT_PANELS" >
      <DesignTime>
         <Attr Name="_DisplaySize" Value="240" />
      </DesignTime>
   </Attribute>
   <Attribute
      Name="Attribute6"
      Precision="240"
      ColumnName="ATTRIBUTE6"
      Type="java.lang.String"
      ColumnType="VARCHAR2"
      SQLType="VARCHAR"
      TableName="XXHLP_APP_INT_PANELS" >
      <DesignTime>
         <Attr Name="_DisplaySize" Value="240" />
      </DesignTime>
   </Attribute>
   <Attribute
      Name="Attribute7"
      Precision="240"
      ColumnName="ATTRIBUTE7"
      Type="java.lang.String"
      ColumnType="VARCHAR2"
      SQLType="VARCHAR"
      TableName="XXHLP_APP_INT_PANELS" >
      <DesignTime>
         <Attr Name="_DisplaySize" Value="240" />
      </DesignTime>
   </Attribute>
   <Attribute
      Name="Attribute8"
      Precision="240"
      ColumnName="ATTRIBUTE8"
      Type="java.lang.String"
      ColumnType="VARCHAR2"
      SQLType="VARCHAR"
      TableName="XXHLP_APP_INT_PANELS" >
      <DesignTime>
         <Attr Name="_DisplaySize" Value="240" />
      </DesignTime>
   </Attribute>
   <Attribute
      Name="Attribute9"
      Precision="240"
      ColumnName="ATTRIBUTE9"
      Type="java.lang.String"
      ColumnType="VARCHAR2"
      SQLType="VARCHAR"
      TableName="XXHLP_APP_INT_PANELS" >
      <DesignTime>
         <Attr Name="_DisplaySize" Value="240" />
      </DesignTime>
   </Attribute>
   <Attribute
      Name="Attribute10"
      Precision="240"
      ColumnName="ATTRIBUTE10"
      Type="java.lang.String"
      ColumnType="VARCHAR2"
      SQLType="VARCHAR"
      TableName="XXHLP_APP_INT_PANELS" >
      <DesignTime>
         <Attr Name="_DisplaySize" Value="240" />
      </DesignTime>
   </Attribute>
   <Attribute
      Name="Attribute11"
      Precision="240"
      ColumnName="ATTRIBUTE11"
      Type="java.lang.String"
      ColumnType="VARCHAR2"
      SQLType="VARCHAR"
      TableName="XXHLP_APP_INT_PANELS" >
      <DesignTime>
         <Attr Name="_DisplaySize" Value="240" />
      </DesignTime>
   </Attribute>
   <Attribute
      Name="Attribute12"
      Precision="240"
      ColumnName="ATTRIBUTE12"
      Type="java.lang.String"
      ColumnType="VARCHAR2"
      SQLType="VARCHAR"
      TableName="XXHLP_APP_INT_PANELS" >
      <DesignTime>
         <Attr Name="_DisplaySize" Value="240" />
      </DesignTime>
   </Attribute>
   <Attribute
      Name="Attribute13"
      Precision="240"
      ColumnName="ATTRIBUTE13"
      Type="java.lang.String"
      ColumnType="VARCHAR2"
      SQLType="VARCHAR"
      TableName="XXHLP_APP_INT_PANELS" >
      <DesignTime>
         <Attr Name="_DisplaySize" Value="240" />
      </DesignTime>
   </Attribute>
   <Attribute
      Name="Attribute14"
      Precision="240"
      ColumnName="ATTRIBUTE14"
      Type="java.lang.String"
      ColumnType="VARCHAR2"
      SQLType="VARCHAR"
      TableName="XXHLP_APP_INT_PANELS" >
      <DesignTime>
         <Attr Name="_DisplaySize" Value="240" />
      </DesignTime>
   </Attribute>
   <Attribute
      Name="Attribute15"
      Precision="240"
      ColumnName="ATTRIBUTE15"
      Type="java.lang.String"
      ColumnType="VARCHAR2"
      SQLType="VARCHAR"
      TableName="XXHLP_APP_INT_PANELS" >
      <DesignTime>
         <Attr Name="_DisplaySize" Value="240" />
      </DesignTime>
   </Attribute>
   <Attribute
      Name="CreatedBy"
      IsNotNull="true"
      ColumnName="CREATED_BY"
      Type="oracle.jbo.domain.Number"
      ColumnType="NUMBER"
      SQLType="NUMERIC"
      TableName="XXHLP_APP_INT_PANELS" >
      <DesignTime>
         <Attr Name="_DisplaySize" Value="22" />
      </DesignTime>
   </Attribute>
   <Attribute
      Name="CreationDate"
      IsNotNull="true"
      ColumnName="CREATION_DATE"
      Type="oracle.jbo.domain.Date"
      ColumnType="DATE"
      SQLType="DATE"
      TableName="XXHLP_APP_INT_PANELS" >
      <DesignTime>
         <Attr Name="_DisplaySize" Value="7" />
      </DesignTime>
   </Attribute>
   <Attribute
      Name="LastUpdatedBy"
      IsNotNull="true"
      ColumnName="LAST_UPDATED_BY"
      Type="oracle.jbo.domain.Number"
      ColumnType="NUMBER"
      SQLType="NUMERIC"
      TableName="XXHLP_APP_INT_PANELS" >
      <DesignTime>
         <Attr Name="_DisplaySize" Value="22" />
      </DesignTime>
   </Attribute>
   <Attribute
      Name="LastUpdateDate"
      IsNotNull="true"
      ColumnName="LAST_UPDATE_DATE"
      Type="oracle.jbo.domain.Date"
      ColumnType="DATE"
      SQLType="DATE"
      TableName="XXHLP_APP_INT_PANELS" >
      <DesignTime>
         <Attr Name="_DisplaySize" Value="7" />
      </DesignTime>
   </Attribute>
   <Attribute
      Name="LastUpdateLogin"
      ColumnName="LAST_UPDATE_LOGIN"
      Type="oracle.jbo.domain.Number"
      ColumnType="NUMBER"
      SQLType="NUMERIC"
      TableName="XXHLP_APP_INT_PANELS" >
      <DesignTime>
         <Attr Name="_DisplaySize" Value="22" />
      </DesignTime>
   </Attribute>
   <AccessorAttribute
      Name="interEO"
      Association="xxhlp.oracle.apps.xxhlp.recruit.schema.server.XxhlpAppIntPanelsFk02Assoc"
      AssociationEnd="xxhlp.oracle.apps.xxhlp.recruit.schema.server.XxhlpAppIntPanelsFk02Assoc.interEO"
      AssociationOtherEnd="xxhlp.oracle.apps.xxhlp.recruit.schema.server.XxhlpAppIntPanelsFk02Assoc.panelEO"
      Type="xxhlp.oracle.apps.xxhlp.recruit.schema.server.interEOImpl" >
   </AccessorAttribute>
   <AccessorAttribute
      Name="applEO"
      Association="xxhlp.oracle.apps.xxhlp.recruit.schema.server.XxhlpAppIntPanelsFk01Assoc"
      AssociationEnd="xxhlp.oracle.apps.xxhlp.recruit.schema.server.XxhlpAppIntPanelsFk01Assoc.applEO"
      AssociationOtherEnd="xxhlp.oracle.apps.xxhlp.recruit.schema.server.XxhlpAppIntPanelsFk01Assoc.panelEO"
      Type="xxhlp.oracle.apps.xxhlp.recruit.schema.server.applEOImpl" >
   </AccessorAttribute>
   <Key
      Name="SysC00286631" >
      <AttrArray Name="Attributes">
         <Item Value="xxhlp.oracle.apps.xxhlp.recruit.schema.server.panelEO.IntPanelId" />
      </AttrArray>
      <DesignTime>
         <Attr Name="_checkCondition" Value="&#34;INT_PANEL_ID&#34; IS NOT NULL" />
         <Attr Name="_isCheck" Value="true" />
         <Attr Name="_DBObjectName" Value="SYS_C00286631" />
      </DesignTime>
   </Key>
   <Key
      Name="SysC00286632" >
      <AttrArray Name="Attributes">
         <Item Value="xxhlp.oracle.apps.xxhlp.recruit.schema.server.panelEO.AppIntId" />
      </AttrArray>
      <DesignTime>
         <Attr Name="_checkCondition" Value="&#34;APP_INT_ID&#34; IS NOT NULL" />
         <Attr Name="_isCheck" Value="true" />
         <Attr Name="_DBObjectName" Value="SYS_C00286632" />
      </DesignTime>
   </Key>
   <Key
      Name="SysC00286633" >
      <AttrArray Name="Attributes">
         <Item Value="xxhlp.oracle.apps.xxhlp.recruit.schema.server.panelEO.AppId" />
      </AttrArray>
      <DesignTime>
         <Attr Name="_checkCondition" Value="&#34;APP_ID&#34; IS NOT NULL" />
         <Attr Name="_isCheck" Value="true" />
         <Attr Name="_DBObjectName" Value="SYS_C00286633" />
      </DesignTime>
   </Key>
   <Key
      Name="SysC00286634" >
      <AttrArray Name="Attributes">
         <Item Value="xxhlp.oracle.apps.xxhlp.recruit.schema.server.panelEO.PersonName" />
      </AttrArray>
      <DesignTime>
         <Attr Name="_checkCondition" Value="&#34;PERSON_NAME&#34; IS NOT NULL" />
         <Attr Name="_isCheck" Value="true" />
         <Attr Name="_DBObjectName" Value="SYS_C00286634" />
      </DesignTime>
   </Key>
   <Key
      Name="SysC00286635" >
      <AttrArray Name="Attributes">
         <Item Value="xxhlp.oracle.apps.xxhlp.recruit.schema.server.panelEO.CreatedBy" />
      </AttrArray>
      <DesignTime>
         <Attr Name="_checkCondition" Value="&#34;CREATED_BY&#34; IS NOT NULL" />
         <Attr Name="_isCheck" Value="true" />
         <Attr Name="_DBObjectName" Value="SYS_C00286635" />
      </DesignTime>
   </Key>
   <Key
      Name="SysC00286636" >
      <AttrArray Name="Attributes">
         <Item Value="xxhlp.oracle.apps.xxhlp.recruit.schema.server.panelEO.CreationDate" />
      </AttrArray>
      <DesignTime>
         <Attr Name="_checkCondition" Value="&#34;CREATION_DATE&#34; IS NOT NULL" />
         <Attr Name="_isCheck" Value="true" />
         <Attr Name="_DBObjectName" Value="SYS_C00286636" />
      </DesignTime>
   </Key>
   <Key
      Name="SysC00286637" >
      <AttrArray Name="Attributes">
         <Item Value="xxhlp.oracle.apps.xxhlp.recruit.schema.server.panelEO.LastUpdatedBy" />
      </AttrArray>
      <DesignTime>
         <Attr Name="_checkCondition" Value="&#34;LAST_UPDATED_BY&#34; IS NOT NULL" />
         <Attr Name="_isCheck" Value="true" />
         <Attr Name="_DBObjectName" Value="SYS_C00286637" />
      </DesignTime>
   </Key>
   <Key
      Name="SysC00286638" >
      <AttrArray Name="Attributes">
         <Item Value="xxhlp.oracle.apps.xxhlp.recruit.schema.server.panelEO.LastUpdateDate" />
      </AttrArray>
      <DesignTime>
         <Attr Name="_checkCondition" Value="&#34;LAST_UPDATE_DATE&#34; IS NOT NULL" />
         <Attr Name="_isCheck" Value="true" />
         <Attr Name="_DBObjectName" Value="SYS_C00286638" />
      </DesignTime>
   </Key>
   <Key
      Name="XxhlpAppIntPanelsPk" >
      <AttrArray Name="Attributes">
         <Item Value="xxhlp.oracle.apps.xxhlp.recruit.schema.server.panelEO.IntPanelId" />
      </AttrArray>
      <DesignTime>
         <Attr Name="_isPrimary" Value="true" />
         <Attr Name="_DBObjectName" Value="XXHLP_APP_INT_PANELS_PK" />
      </DesignTime>
   </Key>
   <Key
      Name="XxhlpAppIntPanelsFk01" >
      <AttrArray Name="Attributes">
         <Item Value="xxhlp.oracle.apps.xxhlp.recruit.schema.server.panelEO.AppId" />
      </AttrArray>
      <DesignTime>
         <Attr Name="_referencedKey" Value="XXHLP_APPLICANTS_PK" />
         <Attr Name="_isForeign" Value="true" />
         <Attr Name="_DBObjectName" Value="XXHLP_APP_INT_PANELS_FK01" />
      </DesignTime>
   </Key>
   <Key
      Name="XxhlpAppIntPanelsFk02" >
      <AttrArray Name="Attributes">
         <Item Value="xxhlp.oracle.apps.xxhlp.recruit.schema.server.panelEO.AppIntId" />
      </AttrArray>
      <DesignTime>
         <Attr Name="_referencedKey" Value="XXHLP_APP_INTERVIEWS_PK" />
         <Attr Name="_isForeign" Value="true" />
         <Attr Name="_DBObjectName" Value="XXHLP_APP_INT_PANELS_FK02" />
      </DesignTime>
   </Key>
</Entity>
