<?xml version='1.0' encoding='windows-1252' ?>
<!DOCTYPE Association SYSTEM "jbo_03_01.dtd">

<Association
   Name="XxhlpAppEmploymentsFk01Assoc" >
   <DesignTime>
      <Attr Name="_isCodegen" Value="true" />
      <Attr Name="_version" Value="10.1.3.41.57" />
   </DesignTime>
   <AssociationEnd
      Name="applEO"
      Cardinality="1"
      Source="true"
      Owner="xxhlp.oracle.apps.xxhlp.recruit.schema.server.applEO" >
      <AttrArray Name="Attributes">
         <Item Value="xxhlp.oracle.apps.xxhlp.recruit.schema.server.applEO.AppId" />
      </AttrArray>
      <DesignTime>
         <Attr Name="_finderName" Value="applEO" />
         <Attr Name="_aggregation" Value="0" />
         <Attr Name="_foreignKey" Value="xxhlp.oracle.apps.xxhlp.recruit.schema.server.applEO.XxhlpApplicantsPk" />
         <Attr Name="_minCardinality" Value="1" />
         <Attr Name="_isUpdateable" Value="true" />
      </DesignTime>
   </AssociationEnd>
   <AssociationEnd
      Name="expEO"
      Cardinality="-1"
      Owner="xxhlp.oracle.apps.xxhlp.recruit.schema.server.expEO" >
      <AttrArray Name="Attributes">
         <Item Value="xxhlp.oracle.apps.xxhlp.recruit.schema.server.expEO.AppId" />
      </AttrArray>
      <DesignTime>
         <Attr Name="_finderName" Value="expEO" />
         <Attr Name="_aggregation" Value="0" />
         <Attr Name="_foreignKey" Value="xxhlp.oracle.apps.xxhlp.recruit.schema.server.expEO.XxhlpAppEmploymentsFk01" />
         <Attr Name="_isUpdateable" Value="true" />
      </DesignTime>
   </AssociationEnd>
</Association>
