<?xml version='1.0' encoding='windows-1252' ?>
<!DOCTYPE ViewObject SYSTEM "jbo_03_01.dtd">

<ViewObject
   Name="edusubLVO"
   BindingStyle="OracleName"
   CustomQuery="true"
   RowClass="xxhlp.oracle.apps.xxhlp.recruit.poplist.server.edusubLVORowImpl"
   ComponentClass="xxhlp.oracle.apps.xxhlp.recruit.poplist.server.edusubLVOImpl"
   UseGlueCode="false" >
   <SQLQuery><![CDATA[
select lookup_code edusub, meaning edusub_desc from fnd_lookup_values where lookup_type = 'XXHLP_MAJOR_SUBJECT' and enabled_flag = 'Y' and  end_date_active is null
   ]]></SQLQuery>
   <DesignTime>
      <Attr Name="_isCodegen" Value="true" />
      <Attr Name="_isExpertMode" Value="true" />
      <Attr Name="_version" Value="10.1.3.41.57" />
      <Attr Name="_codeGenFlag2" Value="Access|Coll|VarAccess" />
   </DesignTime>
   <ViewAttribute
      Name="Edusub"
      IsPersistent="false"
      IsNotNull="true"
      Precision="30"
      Type="java.lang.String"
      ColumnType="VARCHAR2"
      AliasName="EDUSUB"
      Expression="EDUSUB"
      SQLType="VARCHAR" >
      <DesignTime>
         <Attr Name="_DisplaySize" Value="30" />
      </DesignTime>
   </ViewAttribute>
   <ViewAttribute
      Name="EdusubDesc"
      IsPersistent="false"
      IsNotNull="true"
      Precision="80"
      Type="java.lang.String"
      ColumnType="VARCHAR2"
      AliasName="EDUSUB_DESC"
      Expression="EDUSUB_DESC"
      SQLType="VARCHAR" >
      <DesignTime>
         <Attr Name="_DisplaySize" Value="80" />
      </DesignTime>
   </ViewAttribute>
</ViewObject>
