<?xml version='1.0' encoding='windows-1252' ?>
<!DOCTYPE ViewObject SYSTEM "jbo_03_01.dtd">

<ViewObject
   Name="exptypeLVO"
   BindingStyle="OracleName"
   CustomQuery="true"
   RowClass="xxhlp.oracle.apps.xxhlp.recruit.poplist.server.exptypeLVORowImpl"
   ComponentClass="xxhlp.oracle.apps.xxhlp.recruit.poplist.server.exptypeLVOImpl"
   UseGlueCode="false" >
   <SQLQuery><![CDATA[
select lookup_code exptype, meaning exptype_desc from fnd_lookup_values where lookup_type = 'XXHLP_EXPERIENCE_TYPE' and enabled_flag = 'Y' and  end_date_active is null
   ]]></SQLQuery>
   <DesignTime>
      <Attr Name="_isCodegen" Value="true" />
      <Attr Name="_isExpertMode" Value="true" />
      <Attr Name="_version" Value="10.1.3.41.57" />
      <Attr Name="_codeGenFlag2" Value="Access|Coll|VarAccess" />
   </DesignTime>
   <ViewAttribute
      Name="Exptype"
      IsPersistent="false"
      IsNotNull="true"
      Precision="30"
      Type="java.lang.String"
      ColumnType="VARCHAR2"
      AliasName="EXPTYPE"
      Expression="EXPTYPE"
      SQLType="VARCHAR" >
      <DesignTime>
         <Attr Name="_DisplaySize" Value="30" />
      </DesignTime>
   </ViewAttribute>
   <ViewAttribute
      Name="ExptypeDesc"
      IsPersistent="false"
      IsNotNull="true"
      Precision="80"
      Type="java.lang.String"
      ColumnType="VARCHAR2"
      AliasName="EXPTYPE_DESC"
      Expression="EXPTYPE_DESC"
      SQLType="VARCHAR" >
      <DesignTime>
         <Attr Name="_DisplaySize" Value="80" />
      </DesignTime>
   </ViewAttribute>
</ViewObject>
