<?xml version = '1.0' encoding = 'UTF-8'?>
<oa:header version="10.1.3_1312" xml:lang="en-US" xmlns:oa="http://xmlns.oracle.com/oa" xmlns:jrad="http://xmlns.oracle.com/jrad" xmlns:ui="http://xmlns.oracle.com/uix/ui" xmlns:user="http://xmlns.oracle.com/jrad/user" xmlns="http://xmlns.oracle.com/jrad" file-version="$Header$" controllerClass="xxhlp.oracle.apps.xxhlp.recruit.webui.PanelCO">
   <ui:contents>
      <oa:advancedTable id="paneltblRN" viewName="panelVO" width="100%" detailViewAttr="" viewLinkName="IntPanelVL">
         <ui:contents>
            <oa:column id="column1" width="30%">
               <ui:columnHeader>
                  <oa:sortableHeader id="sortableHeader1" prompt="Person Name"/>
               </ui:columnHeader>
               <ui:contents>
                  <oa:messageLovInput id="personname" prompt="" viewAttr="PersonName" columns="40" unvalidated="true" externalListOfValues="/xxhlp/oracle/apps/xxhlp/recruit/webui/EmpRN">
                     <lovMappings>
                        <lovMap id="lovMap1" lovItem="empname" resultTo="personname" criteriaFrom="personname"/>
                        <lovMap id="lovMap2" lovItem="empid" resultTo="personid" criteriaFrom="personid"/>
                     </lovMappings>
                  </oa:messageLovInput>
                  <oa:formValue id="personid" viewAttr="PersonId"/>
               </ui:contents>
            </oa:column>
            <oa:column id="column2" width="60%">
               <ui:columnHeader>
                  <oa:sortableHeader id="sortableHeader2" prompt="Remarks"/>
               </ui:columnHeader>
               <ui:contents>
                  <oa:messageTextInput id="remarks" viewAttr="Remarks" columns="100"/>
               </ui:contents>
            </oa:column>
            <oa:column id="column3" width="10%" columnDataFormat="iconButtonFormat">
               <ui:columnHeader>
                  <oa:sortableHeader id="sortableHeader3" prompt="Delete"/>
               </ui:columnHeader>
               <ui:contents>
                  <oa:image id="DelPanel" source="deleteicon_enabled.gif">
                     <ui:primaryClientAction>
                        <ui:fireAction event="DelPanel" id="fireAction1">
                           <ui:parameters>
                              <ui:parameter key="IntPanelId" value="${oa.panelVO.IntPanelId}"/>
                           </ui:parameters>
                        </ui:fireAction>
                     </ui:primaryClientAction>
                  </oa:image>
               </ui:contents>
            </oa:column>
         </ui:contents>
         <ui:footer>
            <oa:tableFooter id="tableFooter1">
               <ui:contents>
                  <oa:button id="AddPanelBut" text="Add Row" use="/oracle/apps/fnd/attributesets/Buttons/AddAnotherRow" prompt="Add Row">
                     <ui:primaryClientAction>
                        <ui:firePartialAction event="AddPanelBut" id="firePartialAction1"/>
                     </ui:primaryClientAction>
                  </oa:button>
                  <oa:button id="PanelBackBut" text="Back" use="/oracle/apps/fnd/attributesets/Buttons/AddAnotherRow" prompt="Back" destination="">
                     <ui:primaryClientAction>
                        <ui:fireAction event="PanelBackBut" id="fireAction2"/>
                     </ui:primaryClientAction>
                  </oa:button>
               </ui:contents>
            </oa:tableFooter>
         </ui:footer>
      </oa:advancedTable>
   </ui:contents>
</oa:header>
