<?xml version='1.0' encoding='windows-1252' ?>
<!DOCTYPE AppModule SYSTEM "jbo_03_01.dtd">

<AppModule
   Name="applAM"
   ComponentClass="xxhlp.oracle.apps.xxhlp.recruit.server.applAMImpl" >
   <DesignTime>
      <Attr Name="_isCodegen" Value="true" />
      <Attr Name="_version" Value="10.1.3.41.57" />
      <Attr Name="_deployType" Value="0" />
   </DesignTime>
   <ViewUsage
      Name="eduVO"
      ViewObjectName="xxhlp.oracle.apps.xxhlp.recruit.server.eduVO" >
   </ViewUsage>
   <ViewUsage
      Name="expVO"
      ViewObjectName="xxhlp.oracle.apps.xxhlp.recruit.server.expVO" >
   </ViewUsage>
   <ViewUsage
      Name="appnameLVO"
      ViewObjectName="xxhlp.oracle.apps.xxhlp.recruit.poplist.server.appnameLVO" >
   </ViewUsage>
   <ViewUsage
      Name="apprefnumLVO"
      ViewObjectName="xxhlp.oracle.apps.xxhlp.recruit.poplist.server.apprefnumLVO" >
   </ViewUsage>
   <ViewUsage
      Name="appstatusLVO"
      ViewObjectName="xxhlp.oracle.apps.xxhlp.recruit.poplist.server.appstatusLVO" >
   </ViewUsage>
   <ViewUsage
      Name="genderLVO"
      ViewObjectName="xxhlp.oracle.apps.xxhlp.recruit.poplist.server.genderLVO" >
   </ViewUsage>
   <ViewUsage
      Name="regionLVO"
      ViewObjectName="xxhlp.oracle.apps.xxhlp.recruit.poplist.server.regionLVO" >
   </ViewUsage>
   <ViewUsage
      Name="commodeLVO"
      ViewObjectName="xxhlp.oracle.apps.xxhlp.recruit.poplist.server.commodeLVO" >
   </ViewUsage>
   <ViewUsage
      Name="appstsLVO"
      ViewObjectName="xxhlp.oracle.apps.xxhlp.recruit.poplist.server.appstsLVO" >
   </ViewUsage>
   <ViewUsage
      Name="countryLVO"
      ViewObjectName="xxhlp.oracle.apps.xxhlp.recruit.poplist.server.countryLVO" >
   </ViewUsage>
   <ViewUsage
      Name="yesnoLVO"
      ViewObjectName="xxhlp.oracle.apps.xxhlp.recruit.poplist.server.yesnoLVO" >
   </ViewUsage>
   <ViewUsage
      Name="edusubLVO"
      ViewObjectName="xxhlp.oracle.apps.xxhlp.recruit.poplist.server.edusubLVO" >
   </ViewUsage>
   <ViewUsage
      Name="edutypeLVO"
      ViewObjectName="xxhlp.oracle.apps.xxhlp.recruit.poplist.server.edutypeLVO" >
   </ViewUsage>
   <ViewUsage
      Name="educolLVO"
      ViewObjectName="xxhlp.oracle.apps.xxhlp.recruit.poplist.server.educolLVO" >
   </ViewUsage>
   <ViewUsage
      Name="eduLVO"
      ViewObjectName="xxhlp.oracle.apps.xxhlp.recruit.poplist.server.eduLVO" >
   </ViewUsage>
   <ViewUsage
      Name="intresLVO"
      ViewObjectName="xxhlp.oracle.apps.xxhlp.recruit.poplist.server.intresLVO" >
   </ViewUsage>
   <ViewUsage
      Name="inttypeLVO"
      ViewObjectName="xxhlp.oracle.apps.xxhlp.recruit.poplist.server.inttypeLVO" >
   </ViewUsage>
   <ViewUsage
      Name="exptypeLVO"
      ViewObjectName="xxhlp.oracle.apps.xxhlp.recruit.poplist.server.exptypeLVO" >
   </ViewUsage>
   <ViewUsage
      Name="interVO"
      ViewObjectName="xxhlp.oracle.apps.xxhlp.recruit.server.interVO" >
   </ViewUsage>
   <ViewUsage
      Name="panelVO1"
      ViewObjectName="xxhlp.oracle.apps.xxhlp.recruit.server.panelVO" >
   </ViewUsage>
   <ViewUsage
      Name="panelVO"
      ViewObjectName="xxhlp.oracle.apps.xxhlp.recruit.server.panelVO" >
   </ViewUsage>
   <ViewUsage
      Name="posapplLVO"
      ViewObjectName="xxhlp.oracle.apps.xxhlp.recruit.poplist.server.posapplLVO" >
   </ViewUsage>
   <ViewUsage
      Name="yearLVO"
      ViewObjectName="xxhlp.oracle.apps.xxhlp.recruit.poplist.server.yearLVO" >
   </ViewUsage>
   <ViewUsage
      Name="TransientVO"
      ViewObjectName="xxhlp.oracle.apps.xxhlp.recruit.server.TransientVO" >
   </ViewUsage>
   <ViewUsage
      Name="intstsLVO"
      ViewObjectName="xxhlp.oracle.apps.xxhlp.recruit.poplist.server.intstsLVO" >
   </ViewUsage>
   <ViewUsage
      Name="applVO"
      ViewObjectName="xxhlp.oracle.apps.xxhlp.recruit.server.applVO" >
   </ViewUsage>
   <ViewUsage
      Name="eduVO1"
      ViewObjectName="xxhlp.oracle.apps.xxhlp.recruit.server.eduVO" >
   </ViewUsage>
   <ViewUsage
      Name="expVO1"
      ViewObjectName="xxhlp.oracle.apps.xxhlp.recruit.server.expVO" >
   </ViewUsage>
   <ViewUsage
      Name="interVO1"
      ViewObjectName="xxhlp.oracle.apps.xxhlp.recruit.server.interVO" >
   </ViewUsage>
   <ViewUsage
      Name="QryApplVO"
      ViewObjectName="xxhlp.oracle.apps.xxhlp.recruit.server.applVO" >
   </ViewUsage>
   <ViewUsage
      Name="empLVO"
      ViewObjectName="xxhlp.oracle.apps.xxhlp.recruit.poplist.server.empLVO" >
   </ViewUsage>
   <ViewUsage
      Name="repoptLVO"
      ViewObjectName="xxhlp.oracle.apps.xxhlp.recruit.poplist.server.repoptLVO" >
   </ViewUsage>
   <ViewUsage
      Name="applFullVO"
      ViewObjectName="xxhlp.oracle.apps.xxhlp.recruit.server.applFullVO" >
   </ViewUsage>
   <ViewLinkUsage
      Name="IntPanelVL1"
      ViewLinkObjectName="xxhlp.oracle.apps.xxhlp.recruit.server.IntPanelVL"
      SrcViewUsageName="xxhlp.oracle.apps.xxhlp.recruit.server.applAM.interVO"
      DstViewUsageName="xxhlp.oracle.apps.xxhlp.recruit.server.applAM.panelVO1" >
      <DesignTime>
         <Attr Name="_isCodegen" Value="true" />
         <Attr Name="_version" Value="10.1.3.41.57" />
      </DesignTime>
   </ViewLinkUsage>
   <ViewLinkUsage
      Name="ApplEduVL1"
      ViewLinkObjectName="xxhlp.oracle.apps.xxhlp.recruit.server.ApplEduVL"
      SrcViewUsageName="xxhlp.oracle.apps.xxhlp.recruit.server.applAM.applVO"
      DstViewUsageName="xxhlp.oracle.apps.xxhlp.recruit.server.applAM.eduVO1" >
      <DesignTime>
         <Attr Name="_isCodegen" Value="true" />
         <Attr Name="_version" Value="10.1.3.41.57" />
      </DesignTime>
   </ViewLinkUsage>
   <ViewLinkUsage
      Name="ApplExpVL1"
      ViewLinkObjectName="xxhlp.oracle.apps.xxhlp.recruit.server.ApplExpVL"
      SrcViewUsageName="xxhlp.oracle.apps.xxhlp.recruit.server.applAM.applVO"
      DstViewUsageName="xxhlp.oracle.apps.xxhlp.recruit.server.applAM.expVO1" >
      <DesignTime>
         <Attr Name="_isCodegen" Value="true" />
         <Attr Name="_version" Value="10.1.3.41.57" />
      </DesignTime>
   </ViewLinkUsage>
   <ViewLinkUsage
      Name="ApplInterVL1"
      ViewLinkObjectName="xxhlp.oracle.apps.xxhlp.recruit.server.ApplInterVL"
      SrcViewUsageName="xxhlp.oracle.apps.xxhlp.recruit.server.applAM.applVO"
      DstViewUsageName="xxhlp.oracle.apps.xxhlp.recruit.server.applAM.interVO1" >
      <DesignTime>
         <Attr Name="_isCodegen" Value="true" />
         <Attr Name="_version" Value="10.1.3.41.57" />
      </DesignTime>
   </ViewLinkUsage>
</AppModule>
