<?xml version='1.0' encoding='windows-1252' ?>
<!DOCTYPE ViewObject SYSTEM "jbo_03_01.dtd">

<ViewObject
   Name="applVO"
   BindingStyle="OracleName"
   CustomQuery="true"
   RowClass="oracle.apps.fnd.framework.server.OAViewRowImpl"
   ComponentClass="xxhlp.oracle.apps.xxhlp.recruit.server.applVOImpl"
   FetchMode="FETCH_AS_NEEDED"
   UseGlueCode="false" >
   <Properties>
      <Property Name ="VO_ATTR.eduVO.VO_DATATYPE" Value ="Number" />
      <Property Name ="VO_ATTR.eduVO.VO_QUALIFIED_NAME" Value ="Number" />
      <Property Name ="VO_ATTR.expVO.VO_DATATYPE" Value ="Number" />
      <Property Name ="VO_ATTR.expVO.VO_QUALIFIED_NAME" Value ="Number" />
      <Property Name ="VO_ATTR.interVO.VO_DATATYPE" Value ="Number" />
      <Property Name ="VO_ATTR.interVO.VO_QUALIFIED_NAME" Value ="Number" />
   </Properties>
   <SQLQuery><![CDATA[
select  row_id
,app_id
,app_ref_number
,cv_received_on
,referred_by
,region
,region_desc
,last_name
,first_name
,app_name
,gender
,gender_desc
,date_of_birth
,address1
,address2
,address3
,address4
,city
,country
,country_desc
,email_id
,contact_number
,id_number
,app_status
,app_status_desc
,comm_sent
,comm_sent_desc
,comm_mode
,comm_mode_desc
,remarks
,employee_number
,person_name
,employed_on
,attribute_category  
,attribute1          
,attribute2          
,attribute3          
,attribute4          
,attribute5          
,attribute6          
,attribute7        
,attribute8        
,attribute9      
,attribute10     
,created_by      
,creation_date   
,last_updated_by 
,last_update_date
,last_update_login
,id_exp_date
,position_app_for
,curr_salary
,exp_salary
,medical_done_yn
,rop_conduct_cert_yn
,decode(person_id, null, null, 'Created in HR System') created_in_hr
,person_id
,attribute11     
,attribute12     
,attribute13     
,attribute14     
,attribute15     
,interviewed
,tested
,referred_by_name
,position_name
,age
from xxhlp_applicants_v
   ]]></SQLQuery>
   <DesignTime>
      <Attr Name="_isExpertMode" Value="true" />
      <Attr Name="_version" Value="10.1.3.41.57" />
      <Attr Name="_codeGenFlag2" Value="Access|Coll|VarAccess" />
   </DesignTime>
   <EntityUsage
      Name="applEO"
      Entity="xxhlp.oracle.apps.xxhlp.recruit.schema.server.applEO" >
      <DesignTime>
         <Attr Name="_queryClause" Value="false" />
      </DesignTime>
   </EntityUsage>
   <ViewAttribute
      Name="RowId1"
      IsPersistent="false"
      IsNotNull="true"
      Type="oracle.jbo.domain.RowID"
      ColumnType="ROWID"
      AliasName="ROW_ID"
      Expression="ROW_ID"
      SQLType="ROWID" >
      <DesignTime>
         <Attr Name="_DisplaySize" Value="1" />
      </DesignTime>
   </ViewAttribute>
   <ViewAttribute
      Name="AppId"
      EntityAttrName="AppId"
      EntityUsage="applEO"
      AliasName="APP_ID" >
   </ViewAttribute>
   <ViewAttribute
      Name="AppRefNumber"
      EntityAttrName="AppRefNumber"
      EntityUsage="applEO"
      AliasName="APP_REF_NUMBER" >
   </ViewAttribute>
   <ViewAttribute
      Name="CvReceivedOn"
      EntityAttrName="CvReceivedOn"
      EntityUsage="applEO"
      AliasName="CV_RECEIVED_ON" >
   </ViewAttribute>
   <ViewAttribute
      Name="ReferredBy"
      EntityAttrName="ReferredBy"
      EntityUsage="applEO"
      AliasName="REFERRED_BY" >
   </ViewAttribute>
   <ViewAttribute
      Name="Region"
      EntityAttrName="Region"
      EntityUsage="applEO"
      AliasName="REGION" >
   </ViewAttribute>
   <ViewAttribute
      Name="RegionDesc"
      IsPersistent="false"
      IsNotNull="true"
      Precision="80"
      Type="java.lang.String"
      ColumnType="VARCHAR2"
      AliasName="REGION_DESC"
      Expression="REGION_DESC"
      SQLType="VARCHAR" >
      <DesignTime>
         <Attr Name="_DisplaySize" Value="80" />
      </DesignTime>
   </ViewAttribute>
   <ViewAttribute
      Name="LastName"
      EntityAttrName="LastName"
      EntityUsage="applEO"
      AliasName="LAST_NAME" >
   </ViewAttribute>
   <ViewAttribute
      Name="FirstName"
      EntityAttrName="FirstName"
      EntityUsage="applEO"
      AliasName="FIRST_NAME" >
   </ViewAttribute>
   <ViewAttribute
      Name="AppName"
      IsPersistent="false"
      Precision="122"
      Type="java.lang.String"
      ColumnType="VARCHAR2"
      AliasName="APP_NAME"
      Expression="APP_NAME"
      SQLType="VARCHAR" >
      <DesignTime>
         <Attr Name="_DisplaySize" Value="122" />
      </DesignTime>
   </ViewAttribute>
   <ViewAttribute
      Name="Gender"
      EntityAttrName="Gender"
      EntityUsage="applEO"
      AliasName="GENDER" >
   </ViewAttribute>
   <ViewAttribute
      Name="GenderDesc"
      IsPersistent="false"
      IsNotNull="true"
      Precision="80"
      Type="java.lang.String"
      ColumnType="VARCHAR2"
      AliasName="GENDER_DESC"
      Expression="GENDER_DESC"
      SQLType="VARCHAR" >
      <DesignTime>
         <Attr Name="_DisplaySize" Value="80" />
      </DesignTime>
   </ViewAttribute>
   <ViewAttribute
      Name="DateOfBirth"
      EntityAttrName="DateOfBirth"
      EntityUsage="applEO"
      AliasName="DATE_OF_BIRTH" >
   </ViewAttribute>
   <ViewAttribute
      Name="Address1"
      EntityAttrName="Address1"
      EntityUsage="applEO"
      AliasName="ADDRESS1" >
   </ViewAttribute>
   <ViewAttribute
      Name="Address2"
      EntityAttrName="Address2"
      EntityUsage="applEO"
      AliasName="ADDRESS2" >
   </ViewAttribute>
   <ViewAttribute
      Name="Address3"
      EntityAttrName="Address3"
      EntityUsage="applEO"
      AliasName="ADDRESS3" >
   </ViewAttribute>
   <ViewAttribute
      Name="Address4"
      EntityAttrName="Address4"
      EntityUsage="applEO"
      AliasName="ADDRESS4" >
   </ViewAttribute>
   <ViewAttribute
      Name="City"
      EntityAttrName="City"
      EntityUsage="applEO"
      AliasName="CITY" >
   </ViewAttribute>
   <ViewAttribute
      Name="Country"
      EntityAttrName="Country"
      EntityUsage="applEO"
      AliasName="COUNTRY" >
   </ViewAttribute>
   <ViewAttribute
      Name="CountryDesc"
      IsPersistent="false"
      Precision="80"
      Type="java.lang.String"
      ColumnType="VARCHAR2"
      AliasName="COUNTRY_DESC"
      Expression="COUNTRY_DESC"
      SQLType="VARCHAR" >
      <DesignTime>
         <Attr Name="_DisplaySize" Value="80" />
      </DesignTime>
   </ViewAttribute>
   <ViewAttribute
      Name="EmailId"
      EntityAttrName="EmailId"
      EntityUsage="applEO"
      AliasName="EMAIL_ID" >
   </ViewAttribute>
   <ViewAttribute
      Name="ContactNumber"
      EntityAttrName="ContactNumber"
      EntityUsage="applEO"
      AliasName="CONTACT_NUMBER" >
   </ViewAttribute>
   <ViewAttribute
      Name="IdNumber"
      EntityAttrName="IdNumber"
      EntityUsage="applEO"
      AliasName="ID_NUMBER" >
   </ViewAttribute>
   <ViewAttribute
      Name="AppStatus"
      EntityAttrName="AppStatus"
      EntityUsage="applEO"
      AliasName="APP_STATUS" >
   </ViewAttribute>
   <ViewAttribute
      Name="AppStatusDesc"
      IsPersistent="false"
      IsNotNull="true"
      Precision="80"
      Type="java.lang.String"
      ColumnType="VARCHAR2"
      AliasName="APP_STATUS_DESC"
      Expression="APP_STATUS_DESC"
      SQLType="VARCHAR" >
      <DesignTime>
         <Attr Name="_DisplaySize" Value="80" />
      </DesignTime>
   </ViewAttribute>
   <ViewAttribute
      Name="CommSent"
      EntityAttrName="CommSent"
      EntityUsage="applEO"
      AliasName="COMM_SENT" >
   </ViewAttribute>
   <ViewAttribute
      Name="CommSentDesc"
      IsPersistent="false"
      IsNotNull="true"
      Precision="80"
      Type="java.lang.String"
      ColumnType="VARCHAR2"
      AliasName="COMM_SENT_DESC"
      Expression="COMM_SENT_DESC"
      SQLType="VARCHAR" >
      <DesignTime>
         <Attr Name="_DisplaySize" Value="80" />
      </DesignTime>
   </ViewAttribute>
   <ViewAttribute
      Name="CommMode"
      EntityAttrName="CommMode"
      EntityUsage="applEO"
      AliasName="COMM_MODE" >
   </ViewAttribute>
   <ViewAttribute
      Name="CommModeDesc"
      IsPersistent="false"
      IsNotNull="true"
      Precision="80"
      Type="java.lang.String"
      ColumnType="VARCHAR2"
      AliasName="COMM_MODE_DESC"
      Expression="COMM_MODE_DESC"
      SQLType="VARCHAR" >
      <DesignTime>
         <Attr Name="_DisplaySize" Value="80" />
      </DesignTime>
   </ViewAttribute>
   <ViewAttribute
      Name="Remarks"
      EntityAttrName="Remarks"
      EntityUsage="applEO"
      AliasName="REMARKS" >
   </ViewAttribute>
   <ViewAttribute
      Name="EmployeeNumber"
      EntityAttrName="EmployeeNumber"
      EntityUsage="applEO"
      AliasName="EMPLOYEE_NUMBER" >
   </ViewAttribute>
   <ViewAttribute
      Name="PersonName"
      IsPersistent="false"
      Precision="240"
      Type="java.lang.String"
      ColumnType="VARCHAR2"
      AliasName="PERSON_NAME"
      Expression="PERSON_NAME"
      SQLType="VARCHAR" >
      <DesignTime>
         <Attr Name="_DisplaySize" Value="240" />
      </DesignTime>
   </ViewAttribute>
   <ViewAttribute
      Name="EmployedOn"
      IsPersistent="false"
      Type="oracle.jbo.domain.Date"
      ColumnType="DATE"
      AliasName="EMPLOYED_ON"
      Expression="EMPLOYED_ON"
      SQLType="DATE" >
      <DesignTime>
         <Attr Name="_DisplaySize" Value="7" />
      </DesignTime>
   </ViewAttribute>
   <ViewAttribute
      Name="AttributeCategory"
      EntityAttrName="AttributeCategory"
      EntityUsage="applEO"
      AliasName="ATTRIBUTE_CATEGORY" >
   </ViewAttribute>
   <ViewAttribute
      Name="Attribute1"
      EntityAttrName="Attribute1"
      EntityUsage="applEO"
      AliasName="ATTRIBUTE1" >
   </ViewAttribute>
   <ViewAttribute
      Name="Attribute2"
      EntityAttrName="Attribute2"
      EntityUsage="applEO"
      AliasName="ATTRIBUTE2" >
   </ViewAttribute>
   <ViewAttribute
      Name="Attribute3"
      EntityAttrName="Attribute3"
      EntityUsage="applEO"
      AliasName="ATTRIBUTE3" >
   </ViewAttribute>
   <ViewAttribute
      Name="Attribute4"
      EntityAttrName="Attribute4"
      EntityUsage="applEO"
      AliasName="ATTRIBUTE4" >
   </ViewAttribute>
   <ViewAttribute
      Name="Attribute5"
      EntityAttrName="Attribute5"
      EntityUsage="applEO"
      AliasName="ATTRIBUTE5" >
   </ViewAttribute>
   <ViewAttribute
      Name="Attribute6"
      EntityAttrName="Attribute6"
      EntityUsage="applEO"
      AliasName="ATTRIBUTE6" >
   </ViewAttribute>
   <ViewAttribute
      Name="Attribute7"
      EntityAttrName="Attribute7"
      EntityUsage="applEO"
      AliasName="ATTRIBUTE7" >
   </ViewAttribute>
   <ViewAttribute
      Name="Attribute8"
      EntityAttrName="Attribute8"
      EntityUsage="applEO"
      AliasName="ATTRIBUTE8" >
   </ViewAttribute>
   <ViewAttribute
      Name="Attribute9"
      EntityAttrName="Attribute9"
      EntityUsage="applEO"
      AliasName="ATTRIBUTE9" >
   </ViewAttribute>
   <ViewAttribute
      Name="Attribute10"
      EntityAttrName="Attribute10"
      EntityUsage="applEO"
      AliasName="ATTRIBUTE10" >
   </ViewAttribute>
   <ViewAttribute
      Name="CreatedBy"
      EntityAttrName="CreatedBy"
      EntityUsage="applEO"
      AliasName="CREATED_BY" >
   </ViewAttribute>
   <ViewAttribute
      Name="CreationDate"
      EntityAttrName="CreationDate"
      EntityUsage="applEO"
      AliasName="CREATION_DATE" >
   </ViewAttribute>
   <ViewAttribute
      Name="LastUpdatedBy"
      EntityAttrName="LastUpdatedBy"
      EntityUsage="applEO"
      AliasName="LAST_UPDATED_BY" >
   </ViewAttribute>
   <ViewAttribute
      Name="LastUpdateDate"
      EntityAttrName="LastUpdateDate"
      EntityUsage="applEO"
      AliasName="LAST_UPDATE_DATE" >
   </ViewAttribute>
   <ViewAttribute
      Name="LastUpdateLogin"
      EntityAttrName="LastUpdateLogin"
      EntityUsage="applEO"
      AliasName="LAST_UPDATE_LOGIN" >
   </ViewAttribute>
   <ViewAttribute
      Name="IdExpDate"
      EntityAttrName="IdExpDate"
      EntityUsage="applEO"
      AliasName="ID_EXP_DATE" >
   </ViewAttribute>
   <ViewAttribute
      Name="PositionAppFor"
      EntityAttrName="PositionAppFor"
      EntityUsage="applEO"
      AliasName="POSITION_APP_FOR" >
   </ViewAttribute>
   <ViewAttribute
      Name="CurrSalary"
      EntityAttrName="CurrSalary"
      EntityUsage="applEO"
      AliasName="CURR_SALARY" >
   </ViewAttribute>
   <ViewAttribute
      Name="ExpSalary"
      EntityAttrName="ExpSalary"
      EntityUsage="applEO"
      AliasName="EXP_SALARY" >
   </ViewAttribute>
   <ViewAttribute
      Name="MedicalDoneYn"
      EntityAttrName="MedicalDoneYn"
      EntityUsage="applEO"
      AliasName="MEDICAL_DONE_YN" >
   </ViewAttribute>
   <ViewAttribute
      Name="RopConductCertYn"
      EntityAttrName="RopConductCertYn"
      EntityUsage="applEO"
      AliasName="ROP_CONDUCT_CERT_YN" >
   </ViewAttribute>
   <ViewAttribute
      Name="CreatedInHr"
      IsPersistent="false"
      Precision="3"
      Type="java.lang.String"
      ColumnType="VARCHAR2"
      AliasName="CREATED_IN_HR"
      Expression="CREATED_IN_HR"
      SQLType="VARCHAR" >
      <DesignTime>
         <Attr Name="_DisplaySize" Value="3" />
      </DesignTime>
   </ViewAttribute>
   <ViewAttribute
      Name="PersonId"
      IsPersistent="false"
      Precision="10"
      Scale="0"
      Type="oracle.jbo.domain.Number"
      ColumnType="NUMBER"
      AliasName="PERSON_ID"
      Expression="PERSON_ID"
      SQLType="NUMERIC" >
      <DesignTime>
         <Attr Name="_DisplaySize" Value="22" />
      </DesignTime>
   </ViewAttribute>
   <ViewAttribute
      Name="Attribute11"
      EntityAttrName="Attribute11"
      EntityUsage="applEO"
      AliasName="ATTRIBUTE11" >
   </ViewAttribute>
   <ViewAttribute
      Name="Attribute12"
      EntityAttrName="Attribute12"
      EntityUsage="applEO"
      AliasName="ATTRIBUTE12" >
   </ViewAttribute>
   <ViewAttribute
      Name="Attribute13"
      EntityAttrName="Attribute13"
      EntityUsage="applEO"
      AliasName="ATTRIBUTE13" >
   </ViewAttribute>
   <ViewAttribute
      Name="Attribute14"
      EntityAttrName="Attribute14"
      EntityUsage="applEO"
      AliasName="ATTRIBUTE14" >
   </ViewAttribute>
   <ViewAttribute
      Name="Attribute15"
      EntityAttrName="Attribute15"
      EntityUsage="applEO"
      AliasName="ATTRIBUTE15" >
   </ViewAttribute>
   <ViewAttribute
      Name="Interviewed"
      IsPersistent="false"
      Precision="4000"
      Type="java.lang.String"
      ColumnType="VARCHAR2"
      AliasName="INTERVIEWED"
      Expression="INTERVIEWED"
      SQLType="VARCHAR" >
      <DesignTime>
         <Attr Name="_DisplaySize" Value="4000" />
      </DesignTime>
   </ViewAttribute>
   <ViewAttribute
      Name="Tested"
      IsPersistent="false"
      Precision="4000"
      Type="java.lang.String"
      ColumnType="VARCHAR2"
      AliasName="TESTED"
      Expression="TESTED"
      SQLType="VARCHAR" >
      <DesignTime>
         <Attr Name="_DisplaySize" Value="4000" />
      </DesignTime>
   </ViewAttribute>
   <ViewAttribute
      Name="ReferredByName"
      EntityAttrName="ReferredByName"
      EntityUsage="applEO"
      AliasName="REFERRED_BY_NAME" >
   </ViewAttribute>
   <ViewAttribute
      Name="PositionName"
      IsPersistent="false"
      Precision="4000"
      Type="java.lang.String"
      ColumnType="VARCHAR2"
      AliasName="POSITION_NAME"
      Expression="POSITION_NAME"
      SQLType="VARCHAR" >
      <DesignTime>
         <Attr Name="_DisplaySize" Value="4000" />
      </DesignTime>
   </ViewAttribute>
   <ViewAttribute
      Name="Age"
      IsPersistent="false"
      Precision="40"
      Type="java.lang.String"
      ColumnType="VARCHAR2"
      AliasName="AGE"
      Expression="AGE"
      SQLType="VARCHAR" >
      <DesignTime>
         <Attr Name="_DisplaySize" Value="40" />
      </DesignTime>
   </ViewAttribute>
   <ViewLinkAccessor
      Name="eduVO"
      ViewLink="xxhlp.oracle.apps.xxhlp.recruit.server.ApplEduVL"
      Type="oracle.jbo.RowIterator"
      IsUpdateable="false" >
   </ViewLinkAccessor>
   <ViewLinkAccessor
      Name="expVO"
      ViewLink="xxhlp.oracle.apps.xxhlp.recruit.server.ApplExpVL"
      Type="oracle.jbo.RowIterator"
      IsUpdateable="false" >
   </ViewLinkAccessor>
   <ViewLinkAccessor
      Name="interVO"
      ViewLink="xxhlp.oracle.apps.xxhlp.recruit.server.ApplInterVL"
      Type="oracle.jbo.RowIterator"
      IsUpdateable="false" >
   </ViewLinkAccessor>
</ViewObject>
