<?xml version='1.0' encoding='windows-1252' ?>
<!DOCTYPE ViewObject SYSTEM "jbo_03_01.dtd">

<ViewObject
   Name="expVO"
   BindingStyle="OracleName"
   CustomQuery="true"
   RowClass="xxhlp.oracle.apps.xxhlp.recruit.server.expVORowImpl"
   ComponentClass="xxhlp.oracle.apps.xxhlp.recruit.server.expVOImpl"
   FetchMode="FETCH_AS_NEEDED"
   UseGlueCode="false" >
   <SQLQuery><![CDATA[
select  row_id
,app_emp_id
,app_id
,company_name
,date_from
,date_upto
,position_held
,country
,country_desc
,exp_type
,exp_type_desc
,attribute_category
,attribute1
,attribute2
,attribute3
,attribute4
,attribute5
,attribute6
,attribute7
,attribute8
,attribute9
,attribute10
,attribute11
,attribute12
,attribute13
,attribute14
,attribute15
,created_by
,creation_date
,last_updated_by
,last_update_date
,last_update_login
,exp_years
from xxhlp_app_employments_v
where 1 = 1
   ]]></SQLQuery>
   <DesignTime>
      <Attr Name="_isCodegen" Value="true" />
      <Attr Name="_isExpertMode" Value="true" />
      <Attr Name="_version" Value="10.1.3.41.57" />
      <Attr Name="_codeGenFlag2" Value="Access|Coll|VarAccess" />
   </DesignTime>
   <EntityUsage
      Name="expEO"
      Entity="xxhlp.oracle.apps.xxhlp.recruit.schema.server.expEO" >
      <DesignTime>
         <Attr Name="_queryClause" Value="false" />
      </DesignTime>
   </EntityUsage>
   <ViewAttribute
      Name="RowId1"
      IsPersistent="false"
      IsNotNull="true"
      Type="oracle.jbo.domain.RowID"
      ColumnType="ROWID"
      AliasName="ROW_ID"
      Expression="ROW_ID"
      SQLType="ROWID" >
      <DesignTime>
         <Attr Name="_DisplaySize" Value="1" />
      </DesignTime>
   </ViewAttribute>
   <ViewAttribute
      Name="AppEmpId"
      EntityAttrName="AppEmpId"
      EntityUsage="expEO"
      AliasName="APP_EMP_ID" >
   </ViewAttribute>
   <ViewAttribute
      Name="AppId"
      EntityAttrName="AppId"
      EntityUsage="expEO"
      AliasName="APP_ID" >
   </ViewAttribute>
   <ViewAttribute
      Name="CompanyName"
      EntityAttrName="CompanyName"
      EntityUsage="expEO"
      AliasName="COMPANY_NAME" >
   </ViewAttribute>
   <ViewAttribute
      Name="DateFrom"
      EntityAttrName="DateFrom"
      EntityUsage="expEO"
      AliasName="DATE_FROM" >
   </ViewAttribute>
   <ViewAttribute
      Name="DateUpto"
      EntityAttrName="DateUpto"
      EntityUsage="expEO"
      AliasName="DATE_UPTO" >
   </ViewAttribute>
   <ViewAttribute
      Name="PositionHeld"
      EntityAttrName="PositionHeld"
      EntityUsage="expEO"
      AliasName="POSITION_HELD" >
   </ViewAttribute>
   <ViewAttribute
      Name="Country"
      EntityAttrName="Country"
      EntityUsage="expEO"
      AliasName="COUNTRY" >
   </ViewAttribute>
   <ViewAttribute
      Name="CountryDesc"
      IsPersistent="false"
      IsNotNull="true"
      Precision="80"
      Type="java.lang.String"
      ColumnType="VARCHAR2"
      AliasName="COUNTRY_DESC"
      Expression="COUNTRY_DESC"
      SQLType="VARCHAR" >
      <DesignTime>
         <Attr Name="_DisplaySize" Value="80" />
      </DesignTime>
   </ViewAttribute>
   <ViewAttribute
      Name="ExpType"
      EntityAttrName="ExpType"
      EntityUsage="expEO"
      AliasName="EXP_TYPE" >
   </ViewAttribute>
   <ViewAttribute
      Name="ExpTypeDesc"
      IsPersistent="false"
      IsNotNull="true"
      Precision="80"
      Type="java.lang.String"
      ColumnType="VARCHAR2"
      AliasName="EXP_TYPE_DESC"
      Expression="EXP_TYPE_DESC"
      SQLType="VARCHAR" >
      <DesignTime>
         <Attr Name="_DisplaySize" Value="80" />
      </DesignTime>
   </ViewAttribute>
   <ViewAttribute
      Name="AttributeCategory"
      EntityAttrName="AttributeCategory"
      EntityUsage="expEO"
      AliasName="ATTRIBUTE_CATEGORY" >
   </ViewAttribute>
   <ViewAttribute
      Name="Attribute1"
      EntityAttrName="Attribute1"
      EntityUsage="expEO"
      AliasName="ATTRIBUTE1" >
   </ViewAttribute>
   <ViewAttribute
      Name="Attribute2"
      EntityAttrName="Attribute2"
      EntityUsage="expEO"
      AliasName="ATTRIBUTE2" >
   </ViewAttribute>
   <ViewAttribute
      Name="Attribute3"
      EntityAttrName="Attribute3"
      EntityUsage="expEO"
      AliasName="ATTRIBUTE3" >
   </ViewAttribute>
   <ViewAttribute
      Name="Attribute4"
      EntityAttrName="Attribute4"
      EntityUsage="expEO"
      AliasName="ATTRIBUTE4" >
   </ViewAttribute>
   <ViewAttribute
      Name="Attribute5"
      EntityAttrName="Attribute5"
      EntityUsage="expEO"
      AliasName="ATTRIBUTE5" >
   </ViewAttribute>
   <ViewAttribute
      Name="Attribute6"
      EntityAttrName="Attribute6"
      EntityUsage="expEO"
      AliasName="ATTRIBUTE6" >
   </ViewAttribute>
   <ViewAttribute
      Name="Attribute7"
      EntityAttrName="Attribute7"
      EntityUsage="expEO"
      AliasName="ATTRIBUTE7" >
   </ViewAttribute>
   <ViewAttribute
      Name="Attribute8"
      EntityAttrName="Attribute8"
      EntityUsage="expEO"
      AliasName="ATTRIBUTE8" >
   </ViewAttribute>
   <ViewAttribute
      Name="Attribute9"
      EntityAttrName="Attribute9"
      EntityUsage="expEO"
      AliasName="ATTRIBUTE9" >
   </ViewAttribute>
   <ViewAttribute
      Name="Attribute10"
      EntityAttrName="Attribute10"
      EntityUsage="expEO"
      AliasName="ATTRIBUTE10" >
   </ViewAttribute>
   <ViewAttribute
      Name="Attribute11"
      EntityAttrName="Attribute11"
      EntityUsage="expEO"
      AliasName="ATTRIBUTE11" >
   </ViewAttribute>
   <ViewAttribute
      Name="Attribute12"
      EntityAttrName="Attribute12"
      EntityUsage="expEO"
      AliasName="ATTRIBUTE12" >
   </ViewAttribute>
   <ViewAttribute
      Name="Attribute13"
      EntityAttrName="Attribute13"
      EntityUsage="expEO"
      AliasName="ATTRIBUTE13" >
   </ViewAttribute>
   <ViewAttribute
      Name="Attribute14"
      EntityAttrName="Attribute14"
      EntityUsage="expEO"
      AliasName="ATTRIBUTE14" >
   </ViewAttribute>
   <ViewAttribute
      Name="Attribute15"
      EntityAttrName="Attribute15"
      EntityUsage="expEO"
      AliasName="ATTRIBUTE15" >
   </ViewAttribute>
   <ViewAttribute
      Name="CreatedBy"
      EntityAttrName="CreatedBy"
      EntityUsage="expEO"
      AliasName="CREATED_BY" >
   </ViewAttribute>
   <ViewAttribute
      Name="CreationDate"
      EntityAttrName="CreationDate"
      EntityUsage="expEO"
      AliasName="CREATION_DATE" >
   </ViewAttribute>
   <ViewAttribute
      Name="LastUpdatedBy"
      EntityAttrName="LastUpdatedBy"
      EntityUsage="expEO"
      AliasName="LAST_UPDATED_BY" >
   </ViewAttribute>
   <ViewAttribute
      Name="LastUpdateDate"
      EntityAttrName="LastUpdateDate"
      EntityUsage="expEO"
      AliasName="LAST_UPDATE_DATE" >
   </ViewAttribute>
   <ViewAttribute
      Name="LastUpdateLogin"
      EntityAttrName="LastUpdateLogin"
      EntityUsage="expEO"
      AliasName="LAST_UPDATE_LOGIN" >
   </ViewAttribute>
   <ViewAttribute
      Name="ExpYears"
      EntityAttrName="ExpYears"
      EntityUsage="expEO"
      AliasName="EXP_YEARS" >
   </ViewAttribute>
   <ViewAttribute
      Name="ExpYear"
      IsSelected="false"
      IsPersistent="false"
      Type="java.lang.Boolean"
      ColumnType="NUMBER"
      AliasName="VIEW_ATTR"
      SQLType="BIT" >
   </ViewAttribute>
</ViewObject>
