<?xml version='1.0' encoding='windows-1252' ?>
<!DOCTYPE ViewObject SYSTEM "jbo_03_01.dtd">

<ViewObject
   Name="panelVO"
   BindingStyle="OracleName"
   CustomQuery="true"
   RowClass="oracle.apps.fnd.framework.server.OAViewRowImpl"
   ComponentClass="xxhlp.oracle.apps.xxhlp.recruit.server.panelVOImpl"
   UseGlueCode="false" >
   <SQLQuery><![CDATA[
select ap.row_id
,ap.int_panel_id
,ap.app_int_id
,ap.app_id
,a.app_ref_number
,(a.last_name || ', ' || a.first_name) app_name
,ap.person_id
,ap.person_name
,ap.remarks
,ap.attribute_category
,ap.attribute1
,ap.attribute2
,ap.attribute3
,ap.attribute4
,ap.attribute5
,ap.attribute6
,ap.attribute7
,ap.attribute8
,ap.attribute9
,ap.attribute10
,ap.attribute11
,ap.attribute12
,ap.attribute13
,ap.attribute14
,ap.attribute15
,ap.created_by
,ap.creation_date
,ap.last_updated_by
,ap.last_update_date
,ap.last_update_login
from xxhlp_app_int_panels_v ap, xxhlp_applicants a 
where a.app_id = ap.app_id
   ]]></SQLQuery>
   <DesignTime>
      <Attr Name="_isExpertMode" Value="true" />
      <Attr Name="_version" Value="10.1.3.41.57" />
      <Attr Name="_codeGenFlag2" Value="Access|Coll|VarAccess" />
   </DesignTime>
   <EntityUsage
      Name="panelEO"
      Entity="xxhlp.oracle.apps.xxhlp.recruit.schema.server.panelEO" >
      <DesignTime>
         <Attr Name="_queryClause" Value="false" />
      </DesignTime>
   </EntityUsage>
   <ViewAttribute
      Name="RowId"
      IsPersistent="false"
      IsNotNull="true"
      Type="oracle.jbo.domain.RowID"
      ColumnType="ROWID"
      AliasName="ROW_ID"
      Expression="ROW_ID"
      SQLType="ROWID" >
      <DesignTime>
         <Attr Name="_DisplaySize" Value="1" />
      </DesignTime>
   </ViewAttribute>
   <ViewAttribute
      Name="IntPanelId"
      EntityAttrName="IntPanelId"
      EntityUsage="panelEO"
      AliasName="INT_PANEL_ID" >
   </ViewAttribute>
   <ViewAttribute
      Name="AppIntId"
      EntityAttrName="AppIntId"
      EntityUsage="panelEO"
      AliasName="APP_INT_ID" >
   </ViewAttribute>
   <ViewAttribute
      Name="AppId"
      EntityAttrName="AppId"
      EntityUsage="panelEO"
      AliasName="APP_ID" >
   </ViewAttribute>
   <ViewAttribute
      Name="AppRefNumber"
      IsPersistent="false"
      IsNotNull="true"
      Precision="60"
      Type="java.lang.String"
      ColumnType="VARCHAR2"
      AliasName="APP_REF_NUMBER"
      Expression="APP_REF_NUMBER"
      SQLType="VARCHAR" >
      <DesignTime>
         <Attr Name="_DisplaySize" Value="60" />
      </DesignTime>
   </ViewAttribute>
   <ViewAttribute
      Name="AppName"
      IsPersistent="false"
      Precision="122"
      Type="java.lang.String"
      ColumnType="VARCHAR2"
      AliasName="APP_NAME"
      Expression="APP_NAME"
      SQLType="VARCHAR" >
      <DesignTime>
         <Attr Name="_DisplaySize" Value="122" />
      </DesignTime>
   </ViewAttribute>
   <ViewAttribute
      Name="PersonId"
      EntityAttrName="PersonId"
      EntityUsage="panelEO"
      AliasName="PERSON_ID" >
   </ViewAttribute>
   <ViewAttribute
      Name="PersonName"
      EntityAttrName="PersonName"
      EntityUsage="panelEO"
      AliasName="PERSON_NAME" >
   </ViewAttribute>
   <ViewAttribute
      Name="Remarks"
      EntityAttrName="Remarks"
      EntityUsage="panelEO"
      AliasName="REMARKS" >
   </ViewAttribute>
   <ViewAttribute
      Name="AttributeCategory"
      EntityAttrName="AttributeCategory"
      EntityUsage="panelEO"
      AliasName="ATTRIBUTE_CATEGORY" >
   </ViewAttribute>
   <ViewAttribute
      Name="Attribute1"
      EntityAttrName="Attribute1"
      EntityUsage="panelEO"
      AliasName="ATTRIBUTE1" >
   </ViewAttribute>
   <ViewAttribute
      Name="Attribute2"
      EntityAttrName="Attribute2"
      EntityUsage="panelEO"
      AliasName="ATTRIBUTE2" >
   </ViewAttribute>
   <ViewAttribute
      Name="Attribute3"
      EntityAttrName="Attribute3"
      EntityUsage="panelEO"
      AliasName="ATTRIBUTE3" >
   </ViewAttribute>
   <ViewAttribute
      Name="Attribute4"
      EntityAttrName="Attribute4"
      EntityUsage="panelEO"
      AliasName="ATTRIBUTE4" >
   </ViewAttribute>
   <ViewAttribute
      Name="Attribute5"
      EntityAttrName="Attribute5"
      EntityUsage="panelEO"
      AliasName="ATTRIBUTE5" >
   </ViewAttribute>
   <ViewAttribute
      Name="Attribute6"
      EntityAttrName="Attribute6"
      EntityUsage="panelEO"
      AliasName="ATTRIBUTE6" >
   </ViewAttribute>
   <ViewAttribute
      Name="Attribute7"
      EntityAttrName="Attribute7"
      EntityUsage="panelEO"
      AliasName="ATTRIBUTE7" >
   </ViewAttribute>
   <ViewAttribute
      Name="Attribute8"
      EntityAttrName="Attribute8"
      EntityUsage="panelEO"
      AliasName="ATTRIBUTE8" >
   </ViewAttribute>
   <ViewAttribute
      Name="Attribute9"
      EntityAttrName="Attribute9"
      EntityUsage="panelEO"
      AliasName="ATTRIBUTE9" >
   </ViewAttribute>
   <ViewAttribute
      Name="Attribute10"
      EntityAttrName="Attribute10"
      EntityUsage="panelEO"
      AliasName="ATTRIBUTE10" >
   </ViewAttribute>
   <ViewAttribute
      Name="Attribute11"
      EntityAttrName="Attribute11"
      EntityUsage="panelEO"
      AliasName="ATTRIBUTE11" >
   </ViewAttribute>
   <ViewAttribute
      Name="Attribute12"
      EntityAttrName="Attribute12"
      EntityUsage="panelEO"
      AliasName="ATTRIBUTE12" >
   </ViewAttribute>
   <ViewAttribute
      Name="Attribute13"
      EntityAttrName="Attribute13"
      EntityUsage="panelEO"
      AliasName="ATTRIBUTE13" >
   </ViewAttribute>
   <ViewAttribute
      Name="Attribute14"
      EntityAttrName="Attribute14"
      EntityUsage="panelEO"
      AliasName="ATTRIBUTE14" >
   </ViewAttribute>
   <ViewAttribute
      Name="Attribute15"
      EntityAttrName="Attribute15"
      EntityUsage="panelEO"
      AliasName="ATTRIBUTE15" >
   </ViewAttribute>
   <ViewAttribute
      Name="CreatedBy"
      EntityAttrName="CreatedBy"
      EntityUsage="panelEO"
      AliasName="CREATED_BY" >
   </ViewAttribute>
   <ViewAttribute
      Name="CreationDate"
      EntityAttrName="CreationDate"
      EntityUsage="panelEO"
      AliasName="CREATION_DATE" >
   </ViewAttribute>
   <ViewAttribute
      Name="LastUpdatedBy"
      EntityAttrName="LastUpdatedBy"
      EntityUsage="panelEO"
      AliasName="LAST_UPDATED_BY" >
   </ViewAttribute>
   <ViewAttribute
      Name="LastUpdateDate"
      EntityAttrName="LastUpdateDate"
      EntityUsage="panelEO"
      AliasName="LAST_UPDATE_DATE" >
   </ViewAttribute>
   <ViewAttribute
      Name="LastUpdateLogin"
      EntityAttrName="LastUpdateLogin"
      EntityUsage="panelEO"
      AliasName="LAST_UPDATE_LOGIN" >
   </ViewAttribute>
</ViewObject>
