<?xml version='1.0' encoding='windows-1252' ?>
<!DOCTYPE ViewObject SYSTEM "jbo_03_01.dtd">

<ViewObject
   Name="TransientVO"
   BindingStyle="OracleName"
   CustomQuery="true"
   RowClass="oracle.apps.fnd.framework.server.OAViewRowImpl"
   ComponentClass="oracle.apps.fnd.framework.server.OAViewObjectImpl"
   UseGlueCode="false" >
   <SQLQuery><![CDATA[
select * from dual
   ]]></SQLQuery>
   <DesignTime>
      <Attr Name="_isExpertMode" Value="true" />
      <Attr Name="_version" Value="10.1.3.41.57" />
      <Attr Name="_codeGenFlag2" Value="Access|VarAccess" />
   </DesignTime>
   <ViewAttribute
      Name="Dummy"
      IsPersistent="false"
      Precision="1"
      Type="java.lang.String"
      ColumnType="VARCHAR2"
      AliasName="DUMMY"
      Expression="DUMMY"
      SQLType="VARCHAR" >
      <DesignTime>
         <Attr Name="_DisplaySize" Value="1" />
      </DesignTime>
   </ViewAttribute>
   <ViewAttribute
      Name="DisableYes"
      IsSelected="false"
      IsPersistent="false"
      Type="java.lang.Boolean"
      ColumnType="NUMBER"
      AliasName="VIEW_ATTR"
      SQLType="BIT" >
   </ViewAttribute>
   <ViewAttribute
      Name="RenderYes"
      IsSelected="false"
      IsPersistent="false"
      Type="java.lang.Boolean"
      ColumnType="NUMBER"
      AliasName="VIEW_ATTR"
      SQLType="BIT" >
   </ViewAttribute>
   <ViewAttribute
      Name="ExpYear"
      IsSelected="false"
      IsPersistent="false"
      Type="java.lang.Boolean"
      ColumnType="NUMBER"
      AliasName="VIEW_ATTR"
      SQLType="BIT" >
   </ViewAttribute>
   <ViewAttribute
      Name="TotalMark"
      IsSelected="false"
      IsPersistent="false"
      Type="java.lang.Boolean"
      ColumnType="NUMBER"
      AliasName="VIEW_ATTR"
      SQLType="BIT" >
   </ViewAttribute>
   <ViewAttribute
      Name="Marks"
      IsSelected="false"
      IsPersistent="false"
      Type="java.lang.Boolean"
      ColumnType="NUMBER"
      AliasName="VIEW_ATTR"
      SQLType="BIT" >
   </ViewAttribute>
   <ViewAttribute
      Name="DisableGroup02"
      IsSelected="false"
      IsPersistent="false"
      Type="java.lang.Boolean"
      ColumnType="NUMBER"
      AliasName="VIEW_ATTR"
      SQLType="BIT" >
   </ViewAttribute>
   <ViewAttribute
      Name="DisableGroup03"
      IsSelected="false"
      IsPersistent="false"
      Type="java.lang.Boolean"
      ColumnType="NUMBER"
      AliasName="VIEW_ATTR"
      SQLType="BIT" >
   </ViewAttribute>
   <ViewAttribute
      Name="DisableGroup04"
      IsSelected="false"
      IsPersistent="false"
      Type="java.lang.Boolean"
      ColumnType="NUMBER"
      AliasName="VIEW_ATTR"
      SQLType="BIT" >
   </ViewAttribute>
</ViewObject>
